extract_id,target,omstreden,niet_omstreden,weet_ik_niet,bad_ocr,num_annotators,percentage_agreement
1051,neger,7,0,0,0,7,100
1053,achtergrond,0,7,0,0,7,100
1056,traditioneel,0,7,0,0,7,100
1063,aziatisch,0,7,0,0,7,100
1065,aziatisch,0,7,0,0,7,100
1079,page,0,7,0,0,7,100
1081,handicap,0,7,0,0,7,100
1082,historisch,0,7,0,0,7,100
1099,ontdekken,0,7,0,0,7,100
1116,traditionele,0,9,0,0,9,100
1125,aziatisch,0,9,0,0,9,100
1147,inheems,0,9,0,0,9,100
1159,historisch,0,8,0,0,8,100
1172,inheems,0,8,0,0,8,100
1189,negerrijk,8,0,0,0,8,100
1223,aziatisch,0,7,0,0,7,100
1252,traditionele,0,7,0,0,7,100
1260,bosneger,7,0,0,0,7,100
1266,gemengd,0,7,0,0,7,100
1270,neger,7,0,0,0,7,100
1289,achtergrond,0,7,0,0,7,100
1291,negerslaven,7,0,0,0,7,100
1310,historisch,0,9,0,0,9,100
1312,gekleurd,0,9,0,0,9,100
1314,historisch,0,9,0,0,9,100
1315,historisch,0,9,0,0,9,100
1317,aziatisch,0,9,0,0,9,100
1319,dwerggroei,0,9,0,0,9,100
1322,islamiet,0,9,0,0,9,100
1324,gemengd,0,9,0,0,9,100
1326,achtergrond,0,9,0,0,9,100
1329,dwerggroei,0,9,0,0,9,100
1336,achtergrond,0,9,0,0,9,100
1342,afkomst,0,9,0,0,9,100
1343,wild,0,9,0,0,9,100
1346,aziatisch,0,9,0,0,9,100
1348,wild,0,9,0,0,9,100
1352,inheems,0,6,0,0,6,100
1357,inheems,0,6,0,0,6,100
1360,historisch,0,6,0,0,6,100
1361,historisch,0,6,0,0,6,100
1364,traditionele,0,6,0,0,6,100
1366,homo,6,0,0,0,6,100
1378,achtergrond,0,6,0,0,6,100
1379,berber,0,6,0,0,6,100
1383,ontdekken,0,6,0,0,6,100
1387,achtergrond,0,6,0,0,6,100
1390,historisch,0,6,0,0,6,100
1401,dwerggroei,0,8,0,0,8,100
1403,exotisch,0,8,0,0,8,100
1404,aziatisch,0,8,0,0,8,100
1414,afkomst,0,8,0,0,8,100
1419,achtergrond,0,8,0,0,8,100
1420,stam,0,8,0,0,8,100
1424,moslim,0,8,0,0,8,100
1429,achtergrond,0,8,0,0,8,100
1431,historisch,0,8,0,0,8,100
1439,aziatisch,0,8,0,0,8,100
1441,gemengd,0,8,0,0,8,100
1442,historisch,0,8,0,0,8,100
1446,moslim,0,8,0,0,8,100
1447,moslim,0,8,0,0,8,100
1461,historisch,0,9,0,0,9,100
1467,ras,0,9,0,0,9,100
1479,aziatisch,0,9,0,0,9,100
1480,achtergrond,0,9,0,0,9,100
1487,historisch,0,9,0,0,9,100
1498,gekleurd,0,9,0,0,9,100
1499,achtergrond,0,9,0,0,9,100
1501,gemengd,0,7,0,0,7,100
1502,afgod,0,7,0,0,7,100
1508,achtergrond,0,7,0,0,7,100
1510,afkomst,0,7,0,0,7,100
1513,indo-europeaan,0,7,0,0,7,100
1523,westers,0,7,0,0,7,100
1524,gemengd,0,7,0,0,7,100
1525,indo-europeaan,0,7,0,0,7,100
1530,achtergrond,0,7,0,0,7,100
1531,bosneger,7,0,0,0,7,100
1532,achtergrond,0,7,0,0,7,100
1533,wild,0,7,0,0,7,100
1535,indo,0,7,0,0,7,100
1537,traditionele,0,7,0,0,7,100
154,barbaar,0,8,0,0,8,100
1540,traditionele,0,7,0,0,7,100
1546,traditionele,0,7,0,0,7,100
1549,historisch,0,7,0,0,7,100
1551,blank,0,6,0,0,6,100
1553,historisch,0,6,0,0,6,100
1555,historisch,0,6,0,0,6,100
1563,primitief,0,6,0,0,6,100
1564,achtergrond,0,6,0,0,6,100
1592,historisch,0,6,0,0,6,100
160,traditioneel,0,8,0,0,8,100
1604,zwartje,7,0,0,0,7,100
1612,stam,0,7,0,0,7,100
1618,achtergrond,0,7,0,0,7,100
1623,negerslaven,7,0,0,0,7,100
1625,traditionele,0,7,0,0,7,100
1631,gemengd,0,7,0,0,7,100
1637,historisch,0,7,0,0,7,100
164,inheems,0,8,0,0,8,100
1652,moslim,0,6,0,0,6,100
1656,westers,0,6,0,0,6,100
1657,westers,0,6,0,0,6,100
1658,slavenschip,0,6,0,0,6,100
166,tovenaar,0,8,0,0,8,100
1662,indisch,0,6,0,0,6,100
1663,inheems,0,6,0,0,6,100
1667,traditionele,0,6,0,0,6,100
1669,achtergrond,0,6,0,0,6,100
1676,gemengd,0,6,0,0,6,100
1690,gemengd,0,6,0,0,6,100
1691,negerrijk,6,0,0,0,6,100
1692,historisch,0,6,0,0,6,100
1695,inheems,0,6,0,0,6,100
1698,traditionele,0,6,0,0,6,100
1699,volbloed,0,6,0,0,6,100
170,primitief,0,8,0,0,8,100
1701,aziatisch,0,6,0,0,6,100
171,indo-europeaan,0,8,0,0,8,100
1710,barbaar,0,6,0,0,6,100
1716,afgod,0,6,0,0,6,100
1717,aziatisch,0,6,0,0,6,100
1732,achtergrond,0,6,0,0,6,100
1733,traditionele,0,6,0,0,6,100
1736,marron,0,6,0,0,6,100
1737,inheems,0,6,0,0,6,100
1745,achtergrond,0,6,0,0,6,100
1746,dwerg,0,6,0,0,6,100
175,traditionele,0,8,0,0,8,100
1776,neger,6,0,0,0,6,100
1778,aziatisch,0,6,0,0,6,100
1779,historisch,0,6,0,0,6,100
1783,neger,6,0,0,0,6,100
1787,aziatisch,0,6,0,0,6,100
1792,traditionele,0,6,0,0,6,100
1794,achtergrond,0,6,0,0,6,100
1802,moslim,0,6,0,0,6,100
1806,aapman,6,0,0,0,6,100
1807,neger,6,0,0,0,6,100
1808,historisch,0,6,0,0,6,100
1813,achtergrond,0,6,0,0,6,100
1814,historisch,0,6,0,0,6,100
1815,gekleurd,0,6,0,0,6,100
1819,historisch,0,6,0,0,6,100
1828,achtergrond,0,6,0,0,6,100
183,aziatisch,0,8,0,0,8,100
1832,indisch,0,6,0,0,6,100
1837,marron,0,0,6,0,6,100
1838,indiaan,0,6,0,0,6,100
184,aziatisch,0,8,0,0,8,100
1843,ontdekken,0,6,0,0,6,100
1846,gemengd,0,6,0,0,6,100
1847,inheems,0,6,0,0,6,100
189,moor,0,8,0,0,8,100
1900,achtergrond,0,5,0,0,5,100
1910,inheems,0,5,0,0,5,100
1914,page,0,5,0,0,5,100
1916,inboorling,5,0,0,0,5,100
1917,moslim,0,5,0,0,5,100
1920,historisch,0,5,0,0,5,100
1926,moslim,0,5,0,0,5,100
1927,traditionele,0,5,0,0,5,100
1929,negerslaven,5,0,0,0,5,100
1931,negerslaven,5,0,0,0,5,100
1940,moslim,0,5,0,0,5,100
1942,historisch,0,5,0,0,5,100
1944,aziatisch,0,5,0,0,5,100
1946,indo-europeaan,0,5,0,0,5,100
1947,gemengd,0,5,0,0,5,100
1949,onbeschaafd,0,5,0,0,5,100
1952,barbaren,0,6,0,0,6,100
1953,historisch,0,6,0,0,6,100
1959,negerrijk,6,0,0,0,6,100
1967,historisch,0,6,0,0,6,100
1968,inheems,0,6,0,0,6,100
1974,inheems,0,6,0,0,6,100
1975,aziatisch,0,6,0,0,6,100
1980,tovenaar,0,6,0,0,6,100
1981,achtergrond,0,6,0,0,6,100
1986,achtergrond,0,6,0,0,6,100
1990,historisch,0,6,0,0,6,100
1991,wild,0,6,0,0,6,100
1996,gemengd,0,6,0,0,6,100
2006,achtergrond,0,7,0,0,7,100
2017,zwartje,7,0,0,0,7,100
2028,moslim,0,7,0,0,7,100
203,neger,8,0,0,0,8,100
2035,dwerg,0,7,0,0,7,100
2039,achtergrond,0,7,0,0,7,100
204,ontdekken,0,8,0,0,8,100
2047,traditionele,0,7,0,0,7,100
205,historisch,0,8,0,0,8,100
2052,islamiet,0,5,0,0,5,100
2053,moslim,0,5,0,0,5,100
2054,neger,5,0,0,0,5,100
2056,indiaan,0,5,0,0,5,100
2060,afkomst,0,5,0,0,5,100
2066,achtergrond,0,5,0,0,5,100
2067,achtergrond,0,5,0,0,5,100
2073,aziatisch,0,5,0,0,5,100
2078,gekleurd,0,5,0,0,5,100
2083,negerslaven,5,0,0,0,5,100
2084,aziatisch,0,5,0,0,5,100
2088,historisch,0,5,0,0,5,100
2089,gemengd,0,5,0,0,5,100
2091,handicap,0,5,0,0,5,100
2093,indo-europeaan,0,5,0,0,5,100
2096,achtergrond,0,5,0,0,5,100
2097,gemengd,0,5,0,0,5,100
2099,historisch,0,5,0,0,5,100
2107,wild,0,6,0,0,6,100
2108,inheems,0,6,0,0,6,100
2109,traditionele,0,6,0,0,6,100
2110,inheems,0,6,0,0,6,100
2111,traditionele,0,6,0,0,6,100
2112,traditionele,0,6,0,0,6,100
2116,wild,0,6,0,0,6,100
2118,historisch,0,6,0,0,6,100
212,bediende,0,8,0,0,8,100
2120,historisch,0,6,0,0,6,100
2126,achtergrond,0,6,0,0,6,100
213,moor,0,8,0,0,8,100
2135,ontdekken,0,6,0,0,6,100
2137,achtergrond,0,6,0,0,6,100
2151,traditioneel,0,6,0,0,6,100
2155,historisch,0,6,0,0,6,100
2156,afgod,0,6,0,0,6,100
2158,islamiet,0,6,0,0,6,100
216,traditionele,0,8,0,0,8,100
2160,traditionele,0,6,0,0,6,100
2164,historisch,0,6,0,0,6,100
2169,indisch,0,6,0,0,6,100
217,achtergrond,0,8,0,0,8,100
2170,slaven,6,0,0,0,6,100
2173,aziatisch,0,6,0,0,6,100
2176,gemengd,0,6,0,0,6,100
2184,traditioneel,0,6,0,0,6,100
2187,achtergrond,0,6,0,0,6,100
219,achtergrond,0,8,0,0,8,100
2192,gemengd,0,6,0,0,6,100
2198,achtergrond,0,6,0,0,6,100
22,halfbloed,0,7,0,0,7,100
2200,traditionele,0,6,0,0,6,100
2204,roots,0,6,0,0,6,100
2205,gekleurd,0,6,0,0,6,100
2209,stam,0,6,0,0,6,100
2210,aziatisch,0,6,0,0,6,100
2211,negerslaven,6,0,0,0,6,100
2212,aziatisch,0,6,0,0,6,100
2214,historisch,0,6,0,0,6,100
2215,stam,0,6,0,0,6,100
2216,wild,0,6,0,0,6,100
2218,negercultuur,6,0,0,0,6,100
2219,achtergrond,0,6,0,0,6,100
2220,traditionele,0,6,0,0,6,100
2224,gekleurd,0,6,0,0,6,100
2227,traditionele,0,6,0,0,6,100
2231,inheems,0,6,0,0,6,100
2233,primitief,0,6,0,0,6,100
2234,achtergrond,0,6,0,0,6,100
2235,historisch,0,6,0,0,6,100
2238,inheems,0,6,0,0,6,100
2239,homo,0,6,0,0,6,100
224,neger,8,0,0,0,8,100
2242,exotisch,0,6,0,0,6,100
2244,achtergrond,0,6,0,0,6,100
2245,misvormden,0,6,0,0,6,100
2246,historisch,0,6,0,0,6,100
2247,aziatisch,0,6,0,0,6,100
2248,bediende,0,6,0,0,6,100
225,homo,0,8,0,0,8,100
2256,traditionele,0,5,0,0,5,100
2257,wild,0,5,0,0,5,100
2260,indo,0,5,0,0,5,100
2265,afgod,0,5,0,0,5,100
2266,gemengd,0,5,0,0,5,100
2269,afkomst,0,5,0,0,5,100
227,historisch,0,8,0,0,8,100
2270,historisch,0,5,0,0,5,100
2272,kaukasisch,0,5,0,0,5,100
2273,bosneger,5,0,0,0,5,100
2277,kaukasisch,0,5,0,0,5,100
2280,historisch,0,5,0,0,5,100
2281,ontdekken,0,5,0,0,5,100
2284,afgod,0,5,0,0,5,100
2285,knecht,0,5,0,0,5,100
2288,gemengd,0,5,0,0,5,100
2289,achtergrond,0,5,0,0,5,100
2292,inheems,0,5,0,0,5,100
2299,achtergrond,0,5,0,0,5,100
2301,gemengd,0,7,0,0,7,100
2303,aziatisch,0,7,0,0,7,100
2305,traditioneel,0,7,0,0,7,100
2307,roots,0,7,0,0,7,100
2313,aziatisch,0,7,0,0,7,100
2315,achtergrond,0,7,0,0,7,100
2316,negerslaven,7,0,0,0,7,100
2318,historisch,0,7,0,0,7,100
2324,inheems,0,7,0,0,7,100
2325,traditionele,0,7,0,0,7,100
2326,achtergrond,0,7,0,0,7,100
2328,inheems,0,7,0,0,7,100
2329,marron,0,7,0,0,7,100
2332,neger,7,0,0,0,7,100
2333,exotisch,0,7,0,0,7,100
2334,negerrijk,7,0,0,0,7,100
2339,historisch,0,7,0,0,7,100
2347,aziatisch,0,7,0,0,7,100
2356,afkomst,0,6,0,0,6,100
2360,ontdekken,0,6,0,0,6,100
2363,gemengd,0,6,0,0,6,100
2366,aziatisch,0,6,0,0,6,100
2368,stam,0,6,0,0,6,100
2371,blank,0,6,0,0,6,100
2372,gemengd,0,6,0,0,6,100
2375,medicijnman,0,6,0,0,6,100
2377,traditionele,0,6,0,0,6,100
2382,neger,6,0,0,0,6,100
2384,moslim,0,6,0,0,6,100
2385,traditionele,0,6,0,0,6,100
2391,aziatisch,0,6,0,0,6,100
2392,historisch,0,6,0,0,6,100
2395,indisch,0,6,0,0,6,100
2397,achtergrond,0,6,0,0,6,100
2399,achtergrond,0,6,0,0,6,100
24,marron,0,7,0,0,7,100
241,gemengd,0,8,0,0,8,100
2413,gemengd,0,6,0,0,6,100
2417,historisch,0,6,0,0,6,100
2419,historisch,0,6,0,0,6,100
2420,inheems,0,6,0,0,6,100
2422,westers,0,6,0,0,6,100
2424,volbloed,0,6,0,0,6,100
2428,gemengd,0,6,0,0,6,100
2429,bosneger,6,0,0,0,6,100
2431,westers,0,6,0,0,6,100
2435,historisch,0,6,0,0,6,100
2437,aziatisch,0,6,0,0,6,100
2440,achtergrond,0,6,0,0,6,100
2441,traditionele,0,6,0,0,6,100
2445,achtergrond,0,6,0,0,6,100
2447,historisch,0,6,0,0,6,100
245,historisch,0,8,0,0,8,100
2451,historisch,0,5,0,0,5,100
2454,aziatisch,0,5,0,0,5,100
2467,aziatisch,0,5,0,0,5,100
2470,wild,0,5,0,0,5,100
2472,aziatisch,0,5,0,0,5,100
2473,achtergrond,0,5,0,0,5,100
2477,historisch,0,5,0,0,5,100
2478,islamiet,0,5,0,0,5,100
2483,gekleurd,0,5,0,0,5,100
2484,achtergrond,0,5,0,0,5,100
2498,inheems,0,5,0,0,5,100
250,achtergrond,0,8,0,0,8,100
2502,traditioneel,0,4,0,0,4,100
2504,historisch,0,4,0,0,4,100
2505,aziatisch,0,4,0,0,4,100
2514,page,0,4,0,0,4,100
2515,traditionele,0,4,0,0,4,100
2518,achtergrond,0,4,0,0,4,100
2519,onbeschaafd,0,4,0,0,4,100
2524,gemengd,0,4,0,0,4,100
2527,negerslaven,4,0,0,0,4,100
2528,historisch,0,4,0,0,4,100
2535,afkomst,0,4,0,0,4,100
2536,stam,0,0,0,4,4,100
2541,moslim,0,4,0,0,4,100
2542,negerslaven,4,0,0,0,4,100
2543,achtergrond,0,4,0,0,4,100
2544,gemengd,0,4,0,0,4,100
2545,ontdekken,0,4,0,0,4,100
2556,historisch,0,7,0,0,7,100
2557,achtergrond,0,7,0,0,7,100
2564,achtergrond,0,7,0,0,7,100
2565,moslim,0,7,0,0,7,100
2581,moslim,0,7,0,0,7,100
2586,ontdekken,0,7,0,0,7,100
2589,gemengd,0,7,0,0,7,100
259,roots,0,0,0,8,8,100
2601,roots,0,7,0,0,7,100
2608,aziatisch,0,7,0,0,7,100
261,aziatisch,0,8,0,0,8,100
2617,historisch,0,7,0,0,7,100
2618,inheems,0,7,0,0,7,100
2621,neger,7,0,0,0,7,100
2627,historisch,0,7,0,0,7,100
2634,moslim,0,7,0,0,7,100
2635,achtergrond,0,7,0,0,7,100
2638,achtergrond,0,7,0,0,7,100
2643,stam,0,7,0,0,7,100
2644,negerslaven,7,0,0,0,7,100
2645,page,0,7,0,0,7,100
2657,blank,0,7,0,0,7,100
2664,dwerg,0,7,0,0,7,100
2666,moslim,0,7,0,0,7,100
2667,bediende,0,7,0,0,7,100
2669,medicijnman,0,7,0,0,7,100
2671,historisch,0,7,0,0,7,100
2673,traditionele,0,7,0,0,7,100
2676,homo,0,0,0,7,7,100
2685,achtergrond,0,7,0,0,7,100
2688,wild,0,7,0,0,7,100
2689,aziatisch,0,7,0,0,7,100
269,neger,8,0,0,0,8,100
2695,traditionele,0,7,0,0,7,100
2698,moslim,0,7,0,0,7,100
2699,exotisch,0,7,0,0,7,100
2701,gemengd,0,6,0,0,6,100
2704,achtergrond,0,6,0,0,6,100
2705,gekleurd,0,6,0,0,6,100
271,barbaren,0,8,0,0,8,100
2714,historisch,0,6,0,0,6,100
2717,aziatisch,0,6,0,0,6,100
2718,achtergrond,0,6,0,0,6,100
2724,achtergrond,0,6,0,0,6,100
2726,inheems,0,6,0,0,6,100
273,historisch,0,8,0,0,8,100
2731,inheems,0,6,0,0,6,100
2735,barbaren,0,6,0,0,6,100
2750,achtergrond,0,7,0,0,7,100
2753,gemengd,0,7,0,0,7,100
2764,moslim,0,7,0,0,7,100
2765,achtergrond,0,7,0,0,7,100
2767,roots,0,7,0,0,7,100
2768,traditioneel,0,7,0,0,7,100
2771,historisch,0,7,0,0,7,100
2779,historisch,0,7,0,0,7,100
2780,wild,0,7,0,0,7,100
2783,aziatisch,0,7,0,0,7,100
2785,kaffer,7,0,0,0,7,100
2786,historisch,0,7,0,0,7,100
2791,traditionele,0,7,0,0,7,100
2796,moslim,0,7,0,0,7,100
2799,gemengd,0,7,0,0,7,100
2800,achtergrond,0,1,0,0,1,100
2802,neger,1,0,0,0,1,100
2803,marron,0,1,0,0,1,100
2804,traditionele,0,1,0,0,1,100
2806,aziatisch,0,1,0,0,1,100
2807,aziatisch,0,1,0,0,1,100
2808,zwartje,0,1,0,0,1,100
2809,moslim,0,1,0,0,1,100
2810,knecht,0,1,0,0,1,100
2812,kaffer,0,0,1,0,1,100
2813,inheems,0,1,0,0,1,100
2814,indiaan,1,0,0,0,1,100
2815,inuit,0,1,0,0,1,100
2816,afgod,0,1,0,0,1,100
2817,kaukasisch,0,0,1,0,1,100
2818,mulat,0,0,1,0,1,100
2819,gemengd,0,1,0,0,1,100
2820,medicijnman,0,0,1,0,1,100
2821,negerslaven,1,0,0,0,1,100
2822,slavenschip,0,1,0,0,1,100
2824,moslim,0,0,1,0,1,100
2825,hottentot,0,0,1,0,1,100
2826,historisch,0,1,0,0,1,100
2827,mesties,0,0,0,1,1,100
2828,achtergrond,0,1,0,0,1,100
2829,inheems,0,1,0,0,1,100
283,ontdekken,0,8,0,0,8,100
2830,achtergrond,0,1,0,0,1,100
2831,historisch,0,1,0,0,1,100
2832,bediende,0,1,0,0,1,100
2833,inheems,0,1,0,0,1,100
2834,historisch,0,1,0,0,1,100
2835,marron,0,1,0,0,1,100
2836,medicijnman,0,0,1,0,1,100
2837,inheems,0,1,0,0,1,100
2838,gekleurd,0,1,0,0,1,100
2839,marron,0,1,0,0,1,100
2840,aziatisch,0,1,0,0,1,100
2842,afkomst,0,0,1,0,1,100
2843,eskimo,1,0,0,0,1,100
2844,traditionele,0,1,0,0,1,100
2845,afgod,0,1,0,0,1,100
2846,marron,0,0,1,0,1,100
2847,handicap,0,1,0,0,1,100
2848,muzelman,0,0,1,0,1,100
2849,aziatisch,0,1,0,0,1,100
291,gemengd,0,8,0,0,8,100
297,traditionele,0,8,0,0,8,100
300,traditionele,0,10,0,0,10,100
309,zwartje,10,0,0,0,10,100
317,aziatisch,0,10,0,0,10,100
335,achtergrond,0,10,0,0,10,100
340,onbeschaafd,0,10,0,0,10,100
343,inheems,0,10,0,0,10,100
350,stam,0,6,0,0,6,100
351,traditionele,0,6,0,0,6,100
352,aziatisch,0,6,0,0,6,100
360,historisch,0,6,0,0,6,100
362,traditionele,0,6,0,0,6,100
364,negercultuur,6,0,0,0,6,100
367,wild,0,6,0,0,6,100
371,gemengd,0,6,0,0,6,100
373,aziatisch,0,6,0,0,6,100
374,historisch,0,6,0,0,6,100
375,moslim,0,6,0,0,6,100
376,dwerg,6,0,0,0,6,100
378,traditionele,0,6,0,0,6,100
380,inheems,0,6,0,0,6,100
381,traditionele,0,6,0,0,6,100
387,dwerggroei,0,6,0,0,6,100
388,historisch,0,6,0,0,6,100
390,kaukasisch,0,6,0,0,6,100
395,achtergrond,0,6,0,0,6,100
4,berber,0,7,0,0,7,100
404,bediende,0,8,0,0,8,100
406,gemengd,0,8,0,0,8,100
410,wild,0,8,0,0,8,100
424,gemengd,0,8,0,0,8,100
430,achtergrond,0,8,0,0,8,100
435,traditionele,0,8,0,0,8,100
454,aziatisch,0,8,0,0,8,100
456,bosneger,8,0,0,0,8,100
461,indo-europeaan,0,8,0,0,8,100
464,achtergrond,0,8,0,0,8,100
470,historisch,0,8,0,0,8,100
472,gemengd,0,8,0,0,8,100
474,achtergrond,0,8,0,0,8,100
480,indo-europeaan,0,8,0,0,8,100
481,achtergrond,0,8,0,0,8,100
494,traditioneel,0,8,0,0,8,100
498,historisch,0,8,0,0,8,100
505,mulat,6,0,0,0,6,100
506,gemengd,0,6,0,0,6,100
507,achtergrond,0,6,0,0,6,100
508,marron,0,6,0,0,6,100
511,historisch,0,6,0,0,6,100
513,historisch,0,6,0,0,6,100
515,inuit,0,0,0,6,6,100
519,mengras,0,6,0,0,6,100
521,neger,6,0,0,0,6,100
525,bediende,0,6,0,0,6,100
526,historisch,0,6,0,0,6,100
528,traditionele,0,6,0,0,6,100
531,moslim,0,6,0,0,6,100
533,zwartje,6,0,0,0,6,100
538,gekleurd,0,6,0,0,6,100
539,inheems,0,6,0,0,6,100
541,traditionele,0,6,0,0,6,100
543,afkomst,0,6,0,0,6,100
544,achtergrond,0,6,0,0,6,100
547,traditionele,0,6,0,0,6,100
549,aziatisch,0,6,0,0,6,100
554,achtergrond,0,10,0,0,10,100
556,tovenaar,0,10,0,0,10,100
559,ontdekken,0,10,0,0,10,100
566,aziatisch,0,10,0,0,10,100
573,historisch,0,10,0,0,10,100
582,gemengd,0,10,0,0,10,100
606,negerslaven,7,0,0,0,7,100
608,afkomst,0,7,0,0,7,100
613,historisch,0,7,0,0,7,100
616,achtergrond,0,7,0,0,7,100
619,barbaren,7,0,0,0,7,100
626,traditionele,0,7,0,0,7,100
628,negercultuur,7,0,0,0,7,100
629,wild,0,7,0,0,7,100
632,negerrijk,7,0,0,0,7,100
633,achtergrond,0,7,0,0,7,100
634,gemengd,0,7,0,0,7,100
650,bediende,0,8,0,0,8,100
651,historisch,0,8,0,0,8,100
663,achtergrond,0,8,0,0,8,100
669,traditionele,0,8,0,0,8,100
671,historisch,0,8,0,0,8,100
684,exotisch,0,8,0,0,8,100
69,neger,6,0,0,0,6,100
690,traditionele,0,8,0,0,8,100
693,achtergrond,0,8,0,0,8,100
697,traditionele,0,8,0,0,8,100
703,negerslaven,8,0,0,0,8,100
714,inheems,0,8,0,0,8,100
720,moslim,0,8,0,0,8,100
721,gemengd,0,8,0,0,8,100
724,aziatisch,0,8,0,0,8,100
727,gemengd,0,8,0,0,8,100
731,traditionele,0,8,0,0,8,100
733,gemengd,0,8,0,0,8,100
741,afkomst,0,8,0,0,8,100
757,neger,8,0,0,0,8,100
769,traditionele,0,8,0,0,8,100
789,aziatisch,0,8,0,0,8,100
801,homo,0,10,0,0,10,100
809,traditionele,0,10,0,0,10,100
810,gemengd,0,10,0,0,10,100
811,historisch,0,10,0,0,10,100
817,traditionele,0,10,0,0,10,100
825,historisch,0,10,0,0,10,100
826,achtergrond,0,10,0,0,10,100
839,aziatisch,0,10,0,0,10,100
843,traditionele,0,10,0,0,10,100
844,inheems,0,10,0,0,10,100
867,knecht,0,7,0,0,7,100
871,traditionele,0,7,0,0,7,100
88,achtergrond,0,6,0,0,6,100
885,moslim,0,7,0,0,7,100
889,moslim,0,7,0,0,7,100
891,afkomst,0,7,0,0,7,100
892,dwerggroei,0,7,0,0,7,100
902,achtergrond,0,8,0,0,8,100
909,moslim,0,8,0,0,8,100
910,westers,0,8,0,0,8,100
911,historisch,0,8,0,0,8,100
920,historisch,0,8,0,0,8,100
934,aziatisch,0,8,0,0,8,100
937,indisch,0,8,0,0,8,100
949,traditionele,0,8,0,0,8,100
955,achtergrond,0,9,0,0,9,100
956,historisch,0,9,0,0,9,100
957,traditioneel,0,9,0,0,9,100
972,historisch,0,9,0,0,9,100
985,aziatisch,0,9,0,0,9,100
991,achtergrond,0,9,0,0,9,100
993,traditionele,0,9,0,0,9,100
994,moslim,0,9,0,0,9,100
H1,zimbabwe,0,6,0,0,6,100
H10,zimbabwe,0,6,0,0,6,100
H105,batavia,0,7,0,0,7,100
H109,achtergrond,0,7,0,0,7,100
H11,achtergrond,0,6,0,0,6,100
H110,indisch,0,7,0,0,7,100
H116,aziatisch,0,7,0,0,7,100
H117,gemengd,0,7,0,0,7,100
H118,moslim,0,7,0,0,7,100
H119,dwerg,7,0,0,0,7,100
H120,achtergrond,0,7,0,0,7,100
H123,historisch,0,7,0,0,7,100
H127,exotisch,0,7,0,0,7,100
H129,zimbabwe,0,7,0,0,7,100
H134,gay,0,7,0,0,7,100
H140,gemengd,0,7,0,0,7,100
H141,traditionele,0,7,0,0,7,100
H144,gemengd,0,7,0,0,7,100
H147,aziatisch,0,7,0,0,7,100
H25,zimbabwe,0,6,0,0,6,100
H30,gekleurd,0,6,0,0,6,100
H31,roots,0,6,0,0,6,100
H33,slaaf,6,0,0,0,6,100
H34,blank,0,6,0,0,6,100
H37,traditionele,0,6,0,0,6,100
H38,traditioneel,0,6,0,0,6,100
H4,aziatisch,0,6,0,0,6,100
H42,ontdekken,0,6,0,0,6,100
H47,achtergrond,0,6,0,0,6,100
H49,handicap,0,6,0,0,6,100
H52,eskimo,7,0,0,0,7,100
H56,kaffer,7,0,0,0,7,100
H6,moslim,0,6,0,0,6,100
H69,historisch,0,7,0,0,7,100
H70,gemengd,0,7,0,0,7,100
H71,jakarta,0,7,0,0,7,100
H74,neger,7,0,0,0,7,100
H75,neger,7,0,0,0,7,100
H78,achtergrond,0,7,0,0,7,100
H81,historisch,0,7,0,0,7,100
H84,aziatisch,0,7,0,0,7,100
H85,gemengd,0,7,0,0,7,100
H88,achtergrond,0,7,0,0,7,100
H91,eskimo,7,0,0,0,7,100
H92,bediende,0,7,0,0,7,100
H93,historisch,0,7,0,0,7,100
H95,moslim,0,7,0,0,7,100
H99,gemengd,0,7,0,0,7,100
c4,gemengd,6,380,11,2,399,95
c2,achtergrond,13,378,7,1,399,95
c1,neger,371,21,6,1,399,93
1011,stam,0,11,1,0,12,92
1029,historisch,1,11,0,0,12,92
1032,achtergrond,1,11,0,0,12,92
1044,traditionele,0,11,1,0,12,92
1045,gemengd,0,11,0,1,12,92
1049,dwerggroei,1,11,0,0,12,92
301,stam,1,9,0,0,10,90
314,indo,0,1,0,9,10,90
320,handicap,1,9,0,0,10,90
322,aziatisch,1,9,0,0,10,90
323,baboe,0,1,0,9,10,90
326,historisch,1,9,0,0,10,90
329,dwerggroei,1,9,0,0,10,90
330,inuit,0,9,1,0,10,90
332,lesbisch,1,9,0,0,10,90
345,barbaar,1,9,0,0,10,90
558,kaukasisch,0,9,1,0,10,90
560,traditionele,1,9,0,0,10,90
575,gemengd,0,9,1,0,10,90
577,inheems,1,9,0,0,10,90
580,aziatisch,1,9,0,0,10,90
581,kaukasisch,0,9,1,0,10,90
585,gemengd,0,9,0,1,10,90
806,indo-europeaan,1,9,0,0,10,90
830,negercultuur,9,1,0,0,10,90
831,berber,0,9,1,0,10,90
833,ontdekken,0,9,0,1,10,90
835,inheems,0,9,1,0,10,90
836,traditionele,0,9,1,0,10,90
1105,indo-europeaan,0,8,1,0,9,89
1106,inuit,0,1,0,8,9,89
1107,barbaren,1,8,0,0,9,89
1108,medicijnman,0,8,1,0,9,89
1109,stam,1,8,0,0,9,89
1115,achtergrond,1,8,0,0,9,89
1122,negercultuur,8,1,0,0,9,89
1124,tovenaar,0,8,0,1,9,89
1126,achtergrond,1,8,0,0,9,89
1128,indo-europeaan,1,8,0,0,9,89
1130,wild,0,8,1,0,9,89
1134,inheems,1,8,0,0,9,89
1137,aziatisch,0,8,1,0,9,89
1140,bediende,1,8,0,0,9,89
1143,aziatisch,0,8,1,0,9,89
1146,moslim,1,8,0,0,9,89
1334,ontdekken,0,8,1,0,9,89
1339,inuit,0,8,1,0,9,89
1340,page,0,8,0,1,9,89
1457,moslim,0,8,1,0,9,89
1458,kokkie,0,8,1,0,9,89
1459,tovenaar,1,8,0,0,9,89
1462,historisch,1,8,0,0,9,89
1471,traditionele,0,8,1,0,9,89
1473,gekleurd,1,8,0,0,9,89
1491,ontdekken,1,8,0,0,9,89
953,achtergrond,1,8,0,0,9,89
959,aapman,8,1,0,0,9,89
960,ontdekken,1,8,0,0,9,89
962,moslim,1,8,0,0,9,89
971,traditionele,1,8,0,0,9,89
973,zigeuner,8,1,0,0,9,89
982,afgod,1,8,0,0,9,89
984,moslim,1,8,0,0,9,89
990,blank,0,8,1,0,9,89
105,negercultuur,7,1,0,0,8,88
107,achtergrond,1,7,0,0,8,88
110,westers,1,7,0,0,8,88
116,historisch,1,7,0,0,8,88
1165,dwerggroei,1,7,0,0,8,88
1166,blank,1,7,0,0,8,88
1168,moslim,1,7,0,0,8,88
1177,gemengd,1,7,0,0,8,88
118,moslim,1,7,0,0,8,88
1187,achtergrond,0,7,1,0,8,88
1188,primitief,0,7,1,0,8,88
1190,historisch,1,7,0,0,8,88
1191,achtergrond,1,7,0,0,8,88
1193,gekleurd,0,7,0,1,8,88
1194,aziatisch,1,7,0,0,8,88
1195,historisch,1,7,0,0,8,88
1197,lesbisch,1,7,0,0,8,88
1199,inlandsche,1,7,0,0,8,88
120,gemengd,1,7,0,0,8,88
130,exotisch,1,7,0,0,8,88
136,volbloed,0,7,0,1,8,88
1407,traditioneel,1,7,0,0,8,88
1411,aboriginal,0,7,1,0,8,88
1412,indisch,1,7,0,0,8,88
1416,moslim,1,7,0,0,8,88
1417,gemengd,1,7,0,0,8,88
1418,traditionele,1,7,0,0,8,88
1425,gemengd,1,7,0,0,8,88
1426,roots,0,7,1,0,8,88
1430,traditioneel,1,7,0,0,8,88
144,negerslaven,7,1,0,0,8,88
1440,dwerggroei,1,7,0,0,8,88
1444,primitief,0,7,1,0,8,88
147,volbloed,0,7,1,0,8,88
148,dwerggroei,1,7,0,0,8,88
150,queer,1,7,0,0,8,88
157,inheems,1,7,0,0,8,88
161,misvormden,1,7,0,0,8,88
162,wild,1,7,0,0,8,88
172,historisch,1,7,0,0,8,88
173,aboriginal,1,7,0,0,8,88
178,inheems,1,7,0,0,8,88
188,indo-europeaan,1,7,0,0,8,88
192,achtergrond,1,7,0,0,8,88
193,page,0,7,1,0,8,88
194,islamiet,1,7,0,0,8,88
195,achtergrond,0,7,1,0,8,88
197,inheems,1,7,0,0,8,88
198,negerrijk,7,1,0,0,8,88
201,inlander,7,1,0,0,8,88
202,dwerggroei,1,7,0,0,8,88
214,aapman,7,0,1,0,8,88
215,moslim,1,7,0,0,8,88
220,aziatisch,1,7,0,0,8,88
246,stam,1,7,0,0,8,88
247,afkomst,1,7,0,0,8,88
260,moslim,1,7,0,0,8,88
264,medicijnman,1,7,0,0,8,88
265,gemengd,0,7,1,0,8,88
274,gemengd,1,7,0,0,8,88
277,dwerggroei,0,7,1,0,8,88
286,negerslaven,7,1,0,0,8,88
287,dwerggroei,1,7,0,0,8,88
290,gemengd,0,7,1,0,8,88
400,aziatisch,1,7,0,0,8,88
401,moslim,1,7,0,0,8,88
412,historisch,0,7,0,1,8,88
415,mengras,7,0,1,0,8,88
419,negerrijk,7,1,0,0,8,88
428,barbaren,7,1,0,0,8,88
450,afkomst,1,7,0,0,8,88
453,aziatisch,0,7,1,0,8,88
468,medicijnman,1,7,0,0,8,88
483,lesbisch,1,7,0,0,8,88
489,onbeschaafd,1,7,0,0,8,88
490,inheems,1,7,0,0,8,88
495,inheems,0,7,0,1,8,88
666,indisch,0,7,0,1,8,88
674,roots,0,7,0,1,8,88
675,aziatisch,0,7,1,0,8,88
682,wild,0,7,1,0,8,88
685,gekleurd,1,7,0,0,8,88
692,aziatisch,0,7,1,0,8,88
698,traditionele,1,7,0,0,8,88
699,stam,0,7,0,1,8,88
702,achtergrond,0,7,0,1,8,88
708,moslim,0,7,1,0,8,88
728,gemengd,0,7,0,1,8,88
730,moslim,0,7,1,0,8,88
732,inheems,1,7,0,0,8,88
734,negerrijk,7,1,0,0,8,88
736,kaukasisch,0,7,1,0,8,88
740,dwerggroei,1,7,0,0,8,88
744,ontdekken,1,7,0,0,8,88
748,historisch,1,7,0,0,8,88
763,traditioneel,0,7,0,1,8,88
764,aziatisch,0,7,1,0,8,88
786,historisch,0,7,1,0,8,88
790,achtergrond,1,7,0,0,8,88
791,achtergrond,1,7,0,0,8,88
901,achtergrond,0,7,1,0,8,88
913,inheems,0,7,1,0,8,88
924,lesbisch,1,7,0,0,8,88
928,inheems,1,7,0,0,8,88
936,aziatisch,0,7,0,1,8,88
947,inheems,1,7,0,0,8,88
948,volbloed,1,7,0,0,8,88
10,roots,1,6,0,0,7,86
1055,knecht,0,6,0,1,7,86
1059,historisch,0,6,0,1,7,86
1062,traditionele,0,6,1,0,7,86
1068,aziatisch,1,6,0,0,7,86
1071,achtergrond,1,6,0,0,7,86
1075,misvormden,6,1,0,0,7,86
1077,historisch,1,6,0,0,7,86
1080,achtergrond,0,6,0,1,7,86
1083,negerslaven,6,1,0,0,7,86
1084,onbeschaafd,1,0,0,6,7,86
1096,traditionele,1,6,0,0,7,86
1097,indisch,0,6,1,0,7,86
1204,traditionele,0,6,1,0,7,86
1207,traditionele,0,6,0,1,7,86
1216,marron,0,0,1,6,7,86
1219,historisch,1,6,0,0,7,86
1221,aziatisch,1,6,0,0,7,86
1225,moslim,1,6,0,0,7,86
1233,achtergrond,1,6,0,0,7,86
1238,slaaf,1,6,0,0,7,86
1240,westers,0,6,0,1,7,86
1242,lilliputter,6,1,0,0,7,86
1246,lilliputter,6,1,0,0,7,86
1247,traditionele,1,6,0,0,7,86
1251,medicijnman,0,6,1,0,7,86
1255,afkomst,0,6,1,0,7,86
1259,aziatisch,1,6,0,0,7,86
1272,moslim,0,6,1,0,7,86
1273,traditionele,0,6,1,0,7,86
1281,medicijnman,1,6,0,0,7,86
1295,historisch,0,6,1,0,7,86
1298,aziatisch,1,6,0,0,7,86
13,tovenaar,1,6,0,0,7,86
15,aziatisch,0,6,1,0,7,86
1506,traditionele,0,6,0,1,7,86
1514,moslim,1,6,0,0,7,86
1517,negerslaven,6,1,0,0,7,86
1521,inuit,1,6,0,0,7,86
1527,moslim,1,6,0,0,7,86
1529,aziatisch,1,6,0,0,7,86
1536,aziatisch,1,6,0,0,7,86
1538,aziatisch,1,6,0,0,7,86
1600,medicijnman,1,6,0,0,7,86
1605,marron,0,6,0,1,7,86
1606,islamiet,1,6,0,0,7,86
1610,gemengd,1,6,0,0,7,86
1611,neger,6,0,1,0,7,86
1614,achtergrond,1,6,0,0,7,86
1616,aziatisch,0,6,1,0,7,86
1619,ontdekken,0,6,1,0,7,86
1622,mongool,1,6,0,0,7,86
1633,aziatisch,1,6,0,0,7,86
1636,historisch,0,6,1,0,7,86
1639,achtergrond,0,6,1,0,7,86
1641,wild,1,6,0,0,7,86
1642,indisch,1,6,0,0,7,86
1646,aziatisch,1,6,0,0,7,86
17,inheems,1,6,0,0,7,86
18,lesbisch,1,6,0,0,7,86
2,slaven,6,1,0,0,7,86
2000,aziatisch,1,6,0,0,7,86
2010,traditioneel,0,6,1,0,7,86
2016,roots,0,6,1,0,7,86
2019,negerslaven,6,0,1,0,7,86
2021,volbloed,1,6,0,0,7,86
2025,inlander,0,6,1,0,7,86
2026,traditionele,1,6,0,0,7,86
2027,aziatisch,0,6,1,0,7,86
2029,tovenaar,0,6,0,1,7,86
2042,historisch,1,6,0,0,7,86
23,exotisch,1,6,0,0,7,86
2302,historisch,1,6,0,0,7,86
2310,indo-europeaan,0,6,1,0,7,86
2314,achtergrond,1,6,0,0,7,86
2320,blank,0,6,1,0,7,86
2323,indisch,1,6,0,0,7,86
2330,indo-europeaan,0,6,1,0,7,86
2337,berber,0,1,0,6,7,86
2343,indo-europeaan,0,6,1,0,7,86
2348,primitief,0,6,1,0,7,86
2550,traditionele,0,6,1,0,7,86
2551,aziatisch,1,6,0,0,7,86
2553,tovenaar,1,6,0,0,7,86
2554,indisch,1,6,0,0,7,86
2560,neger,6,1,0,0,7,86
2567,medicijnman,0,6,1,0,7,86
2572,aziatisch,1,6,0,0,7,86
2574,negerrijk,6,0,1,0,7,86
2576,inheems,0,6,0,1,7,86
2578,historisch,0,6,1,0,7,86
2579,historisch,0,6,1,0,7,86
2580,indisch,0,6,1,0,7,86
2582,wild,0,6,1,0,7,86
2584,bediende,1,6,0,0,7,86
2588,achtergrond,0,6,1,0,7,86
2591,mongool,0,6,1,0,7,86
2596,aziatisch,0,6,0,1,7,86
2598,traditionele,1,6,0,0,7,86
2600,gemengd,0,6,1,0,7,86
2609,historisch,0,6,0,1,7,86
2615,traditioneel,0,6,0,1,7,86
2637,moslim,0,6,1,0,7,86
2655,exotisch,1,6,0,0,7,86
2656,historisch,1,6,0,0,7,86
2658,inheems,1,6,0,0,7,86
2659,primitief,0,1,0,6,7,86
2663,achtergrond,0,6,1,0,7,86
2670,gemengd,0,6,0,1,7,86
2674,achtergrond,0,6,1,0,7,86
2679,traditionele,0,6,1,0,7,86
2680,wild,0,6,0,1,7,86
2681,aziatisch,0,6,1,0,7,86
2684,inheems,0,1,0,6,7,86
2694,metis,0,6,1,0,7,86
2754,aziatisch,1,6,0,0,7,86
2759,gemengd,1,6,0,0,7,86
2761,wild,0,6,1,0,7,86
2766,afgod,0,6,1,0,7,86
2777,moslim,1,6,0,0,7,86
2782,exotisch,1,6,0,0,7,86
2784,aziatisch,1,6,0,0,7,86
2794,aziatisch,0,6,0,1,7,86
2797,afkomst,1,6,0,0,7,86
31,ontdekken,1,6,0,0,7,86
35,blank,1,6,0,0,7,86
36,inheems,1,6,0,0,7,86
39,afgod,1,6,0,0,7,86
41,blank,0,6,1,0,7,86
43,barbaar,0,6,0,1,7,86
46,achtergrond,0,6,1,0,7,86
47,traditionele,1,6,0,0,7,86
5,historisch,1,6,0,0,7,86
6,wild,0,6,1,0,7,86
600,aziatisch,0,6,0,1,7,86
603,ontdekken,0,6,1,0,7,86
604,inheems,1,6,0,0,7,86
607,marron,0,6,1,0,7,86
615,inlander,1,6,0,0,7,86
637,traditioneel,1,6,0,0,7,86
639,traditioneel,1,6,0,0,7,86
640,dwerggroei,1,6,0,0,7,86
645,marron,0,6,1,0,7,86
647,aziatisch,1,6,0,0,7,86
850,neger,6,0,0,1,7,86
852,moslim,0,6,0,1,7,86
857,knecht,1,6,0,0,7,86
859,gemengd,1,6,0,0,7,86
862,aziatisch,1,6,0,0,7,86
865,medicijnman,1,6,0,0,7,86
869,moslim,1,6,0,0,7,86
870,gemengd,1,6,0,0,7,86
872,achtergrond,1,6,0,0,7,86
873,mongool,1,6,0,0,7,86
875,homo,0,6,0,1,7,86
882,achtergrond,1,6,0,0,7,86
887,moslim,1,6,0,0,7,86
888,historisch,0,6,0,1,7,86
890,negerrijk,6,0,1,0,7,86
893,handicap,1,6,0,0,7,86
894,dwerggroei,0,6,1,0,7,86
897,historisch,1,6,0,0,7,86
H101,zigeuner,6,1,0,0,7,86
H107,indo,0,6,1,0,7,86
H108,moslim,0,6,1,0,7,86
H115,inheems,1,6,0,0,7,86
H132,aziatisch,1,6,0,0,7,86
H135,moslim,1,6,0,0,7,86
H137,eskimo,6,0,1,0,7,86
H138,batavia,0,6,1,0,7,86
H143,marron,0,6,1,0,7,86
H145,moslim,0,6,0,1,7,86
H50,trans,0,6,1,0,7,86
H51,berber,0,6,1,0,7,86
H60,primitief,6,0,1,0,7,86
H62,moslim,1,6,0,0,7,86
H63,moslim,1,6,0,0,7,86
H65,dwerggroei,1,6,0,0,7,86
H72,inheems,6,1,0,0,7,86
H77,neger,6,0,0,1,7,86
H87,knecht,1,6,0,0,7,86
H89,neger,6,1,0,0,7,86
H94,primitief,1,6,0,0,7,86
H96,halfbloed,6,0,1,0,7,86
1016,neger,10,1,0,1,12,83
1028,inlander,1,10,0,1,12,83
1353,tovenaar,1,5,0,0,6,83
1354,lilliputter,5,1,0,0,6,83
1369,metis,0,0,1,5,6,83
1374,boesman,0,5,1,0,6,83
1384,aziatisch,1,5,0,0,6,83
1388,indo-europeaan,5,0,1,0,6,83
1391,zigeuner,5,1,0,0,6,83
1392,primitief,1,5,0,0,6,83
1396,traditionele,1,5,0,0,6,83
1398,moslim,1,5,0,0,6,83
1399,aziatisch,1,5,0,0,6,83
1552,achtergrond,1,5,0,0,6,83
1556,eskimo,5,1,0,0,6,83
1557,traditioneel,1,5,0,0,6,83
1559,aziatisch,1,5,0,0,6,83
1565,marron,0,5,1,0,6,83
1567,dwerggroei,0,0,1,5,6,83
1584,barbaar,0,1,0,5,6,83
1586,negercultuur,5,0,1,0,6,83
1587,moslim,1,5,0,0,6,83
1589,indisch,1,5,0,0,6,83
1594,neger,5,0,1,0,6,83
1596,exotisch,1,5,0,0,6,83
1597,misvormden,5,1,0,0,6,83
1655,indiaan,5,1,0,0,6,83
1672,moslim,1,5,0,0,6,83
1675,aziatisch,1,5,0,0,6,83
1679,moslim,1,5,0,0,6,83
1681,bosneger,5,0,1,0,6,83
1682,aziatisch,1,5,0,0,6,83
1683,moslim,1,5,0,0,6,83
1685,mongool,1,5,0,0,6,83
1686,lilliputter,5,1,0,0,6,83
1688,homo,0,5,0,1,6,83
1697,page,0,5,1,0,6,83
1706,exotisch,0,5,1,0,6,83
1707,gekleurd,0,5,1,0,6,83
1709,boesman,0,5,1,0,6,83
1712,moor,1,5,0,0,6,83
1714,marron,1,5,0,0,6,83
1718,aboriginal,1,5,0,0,6,83
1719,page,0,5,0,1,6,83
1726,moor,0,5,1,0,6,83
1729,islamiet,0,5,1,0,6,83
1730,primitief,0,5,1,0,6,83
1731,historisch,0,5,1,0,6,83
1741,queer,1,5,0,0,6,83
1743,historisch,0,5,1,0,6,83
1744,inheems,1,5,0,0,6,83
1748,indo-europeaan,0,5,1,0,6,83
1764,moslim,1,5,0,0,6,83
1765,zigeuner,5,1,0,0,6,83
1766,traditionele,0,5,0,1,6,83
1769,gemengd,0,5,1,0,6,83
1770,achtergrond,1,5,0,0,6,83
1771,halfbloed,5,1,0,0,6,83
1782,moor,1,5,0,0,6,83
1785,historisch,1,5,0,0,6,83
1788,achtergrond,1,5,0,0,6,83
1796,stam,0,5,1,0,6,83
1803,ras,1,5,0,0,6,83
1812,moslim,1,5,0,0,6,83
1821,aziatisch,1,5,0,0,6,83
1823,handicap,0,5,1,0,6,83
1825,barbaren,1,5,0,0,6,83
1827,marron,0,1,5,0,6,83
1830,aziatisch,1,5,0,0,6,83
1834,dwerggroei,1,5,0,0,6,83
1840,aziatisch,1,5,0,0,6,83
1844,gemengd,0,5,1,0,6,83
1845,marron,0,1,5,0,6,83
1848,gemengd,1,5,0,0,6,83
1849,medicijnman,0,5,1,0,6,83
1853,historisch,0,5,0,1,6,83
1858,achtergrond,1,5,0,0,6,83
1865,traditionele,1,5,0,0,6,83
1866,aziatisch,1,5,0,0,6,83
1867,aziatisch,1,5,0,0,6,83
1873,stam,0,1,0,5,6,83
1876,historisch,1,5,0,0,6,83
1881,traditionele,1,5,0,0,6,83
1882,page,1,5,0,0,6,83
1888,achtergrond,1,5,0,0,6,83
1889,gemengd,1,5,0,0,6,83
1894,exotisch,1,5,0,0,6,83
1896,traditioneel,1,5,0,0,6,83
1899,gemengd,1,5,0,0,6,83
1951,marron,0,1,0,5,6,83
1954,stam,1,5,0,0,6,83
1961,historisch,0,5,0,1,6,83
1964,aziatisch,1,5,0,0,6,83
1969,koppensneller,1,5,0,0,6,83
1973,lilliputter,5,1,0,0,6,83
1978,traditionele,1,5,0,0,6,83
1985,dwerggroei,1,5,0,0,6,83
1988,achtergrond,0,5,1,0,6,83
1989,mongool,1,5,0,0,6,83
2102,kaukasisch,1,5,0,0,6,83
2105,zigeuner,5,1,0,0,6,83
2115,achtergrond,1,5,0,0,6,83
2121,gemengd,0,5,0,1,6,83
2124,onbeschaafd,1,5,0,0,6,83
2134,aziatisch,0,5,1,0,6,83
2140,moslim,1,5,0,0,6,83
2142,gemengd,0,5,1,0,6,83
2143,kaukasisch,1,5,0,0,6,83
2144,primitief,0,5,1,0,6,83
2150,marron,1,0,0,5,6,83
2154,berber,1,5,0,0,6,83
2166,moslim,1,5,0,0,6,83
2167,afkomst,1,5,0,0,6,83
2168,moslim,1,5,0,0,6,83
2171,roots,0,5,1,0,6,83
2182,knecht,1,5,0,0,6,83
2190,islamiet,1,5,0,0,6,83
2191,gemengd,1,5,0,0,6,83
2193,aziatisch,1,5,0,0,6,83
2194,lilliputter,5,0,1,0,6,83
2197,berber,1,5,0,0,6,83
2199,aboriginal,1,5,0,0,6,83
2203,inheems,1,5,0,0,6,83
2217,berber,0,5,1,0,6,83
2226,marron,0,5,1,0,6,83
2232,koelie,0,5,1,0,6,83
2237,indo-europeaan,1,5,0,0,6,83
2367,islamiet,0,5,0,1,6,83
2370,zwartje,5,1,0,0,6,83
2378,moslim,1,5,0,0,6,83
2379,slaven,1,5,0,0,6,83
2387,moslim,0,5,0,1,6,83
2388,halfbloed,5,1,0,0,6,83
2389,eskimo,1,5,0,0,6,83
2398,gemengd,0,5,0,1,6,83
2400,achtergrond,0,5,0,1,6,83
2402,westers,0,5,0,1,6,83
2415,aziatisch,0,5,1,0,6,83
2421,homo,1,5,0,0,6,83
2425,kokkie,0,5,1,0,6,83
2434,indisch,1,5,0,0,6,83
2438,page,0,5,1,0,6,83
2448,page,0,5,1,0,6,83
2449,indo-europeaan,1,5,0,0,6,83
2700,queer,0,5,0,1,6,83
2713,gemengd,0,5,1,0,6,83
2715,westers,0,5,0,1,6,83
2716,page,0,5,1,0,6,83
2725,afgod,1,5,0,0,6,83
2727,moslim,1,5,0,0,6,83
2728,mongool,1,5,0,0,6,83
2729,barbaren,1,5,0,0,6,83
2736,negerslaven,5,1,0,0,6,83
2737,moslim,0,5,1,0,6,83
2741,stam,0,5,1,0,6,83
2742,traditionele,0,5,1,0,6,83
2747,historisch,0,5,1,0,6,83
355,gemengd,1,5,0,0,6,83
361,bediende,1,5,0,0,6,83
369,page,0,5,1,0,6,83
372,barbaar,1,5,0,0,6,83
392,achtergrond,1,5,0,0,6,83
500,traditionele,0,5,1,0,6,83
504,gemengd,0,1,0,5,6,83
512,inheems,0,5,1,0,6,83
518,aapman,5,1,0,0,6,83
523,handicap,0,5,0,1,6,83
53,queer,1,0,0,5,6,83
542,traditionele,0,5,0,1,6,83
64,gemengd,1,5,0,0,6,83
70,historisch,1,5,0,0,6,83
72,lesbisch,1,5,0,0,6,83
74,bosneger,5,1,0,0,6,83
75,afkomst,1,5,0,0,6,83
76,bosneger,5,0,1,0,6,83
83,islamiet,5,1,0,0,6,83
92,traditionele,1,5,0,0,6,83
95,traditionele,1,5,0,0,6,83
97,achtergrond,1,5,0,0,6,83
H16,gemengd,0,5,1,0,6,83
H17,roma,0,5,1,0,6,83
H19,historisch,0,5,1,0,6,83
H2,indiaan,5,1,0,0,6,83
H32,zigeuner,5,1,0,0,6,83
H36,jakarta,0,5,1,0,6,83
H40,aziatisch,0,5,0,1,6,83
H48,zigeuner,5,1,0,0,6,83
H5,afkomst,1,5,0,0,6,83
H7,zigeuner,5,0,1,0,6,83
H8,slaaf,5,1,0,0,6,83
1904,aziatisch,0,4,0,1,5,80
1907,bediende,1,4,0,0,5,80
1915,barbaar,1,4,0,0,5,80
1921,lilliputter,4,0,0,1,5,80
1923,inboorling,4,1,0,0,5,80
1924,moslim,0,4,0,1,5,80
1930,moslim,0,4,0,1,5,80
1933,blank,1,4,0,0,5,80
1941,inheems,0,4,1,0,5,80
1943,primitief,1,4,0,0,5,80
1945,gemengd,0,4,0,1,5,80
2058,historisch,0,4,1,0,5,80
2061,eskimo,0,4,0,1,5,80
2062,medicijnman,1,4,0,0,5,80
2068,kaukasisch,0,4,1,0,5,80
2071,moslim,0,4,1,0,5,80
2075,medicijnman,1,4,0,0,5,80
2077,bediende,0,4,1,0,5,80
2085,inuit,0,4,1,0,5,80
2095,zwartje,4,0,1,0,5,80
2253,moslim,0,4,0,1,5,80
2261,dwerg,0,4,1,0,5,80
2275,queer,1,4,0,0,5,80
2279,aziatisch,0,4,1,0,5,80
2283,gemengd,0,4,1,0,5,80
2290,moslim,1,4,0,0,5,80
2293,westers,0,4,1,0,5,80
2294,afgod,0,4,1,0,5,80
2297,aziatisch,0,4,1,0,5,80
2452,inheems,1,4,0,0,5,80
2453,achtergrond,1,4,0,0,5,80
2462,afgod,1,4,0,0,5,80
2468,volbloed,1,4,0,0,5,80
2481,moslim,1,4,0,0,5,80
2482,traditionele,1,4,0,0,5,80
2485,gemengd,0,4,1,0,5,80
2486,marron,0,4,0,1,5,80
2491,aziatisch,0,4,0,1,5,80
2494,aboriginal,0,4,0,1,5,80
2495,gemengd,0,4,1,0,5,80
2496,traditionele,0,4,1,0,5,80
2497,indiaan,0,0,1,4,5,80
319,achtergrond,1,8,1,0,10,80
324,traditioneel,0,2,0,8,10,80
327,kokkie,1,8,1,0,10,80
333,dwerggroei,1,8,0,1,10,80
344,indo-europeaan,1,8,1,0,10,80
348,inheems,1,8,1,0,10,80
568,moslim,1,8,1,0,10,80
571,moslim,1,8,1,0,10,80
572,moslim,2,8,0,0,10,80
583,barbaar,1,8,1,0,10,80
593,page,0,8,1,1,10,80
598,primitief,2,8,0,0,10,80
599,inheems,1,8,0,1,10,80
800,slavenschip,2,8,0,0,10,80
808,roots,0,8,1,1,10,80
815,slaaf,2,8,0,0,10,80
824,blank,2,8,0,0,10,80
829,inheems,0,8,0,2,10,80
834,blank,0,8,1,1,10,80
837,indisch,1,8,1,0,10,80
845,achtergrond,1,8,1,0,10,80
1112,exotisch,2,7,0,0,9,78
1113,dwerg,1,7,1,0,9,78
1114,traditionele,1,7,1,0,9,78
1119,zwartje,7,1,0,1,9,78
1120,gemengd,2,7,0,0,9,78
1129,inheems,2,7,0,0,9,78
1132,moslim,2,7,0,0,9,78
1135,traditionele,0,7,2,0,9,78
1149,dwerggroei,1,7,1,0,9,78
1302,kaukasisch,1,7,1,0,9,78
1303,indo-europeaan,2,7,0,0,9,78
1328,marron,1,0,1,7,9,78
1335,marron,1,0,1,7,9,78
1349,onbeschaafd,2,7,0,0,9,78
1464,bediende,1,7,1,0,9,78
1470,eskimo,7,2,0,0,9,78
1474,inheems,0,7,2,0,9,78
1475,stam,2,7,0,0,9,78
1478,koelie,2,0,7,0,9,78
1481,gemengd,0,7,2,0,9,78
1482,inheems,1,7,1,0,9,78
1483,aziatisch,2,7,0,0,9,78
967,indo-europeaan,7,2,0,0,9,78
969,page,0,7,2,0,9,78
970,tovenaar,0,7,1,1,9,78
979,mesties,0,2,7,0,9,78
981,afkomst,2,7,0,0,9,78
989,traditionele,0,7,1,1,9,78
992,moor,2,7,0,0,9,78
995,gemengd,1,7,1,0,9,78
101,moslim,2,6,0,0,8,75
1012,gemengd,2,9,1,0,12,75
1017,inlandsche,1,9,1,1,12,75
1020,neger,9,2,1,0,12,75
1026,slaven,3,9,0,0,12,75
104,moslim,2,6,0,0,8,75
1043,dwerggroei,3,9,0,0,12,75
106,dwerg,6,2,0,0,8,75
108,mohemmedaan,2,6,0,0,8,75
112,indo,2,6,0,0,8,75
113,indisch,1,6,1,0,8,75
1151,pygmee,6,1,1,0,8,75
1153,ras,2,6,0,0,8,75
1156,marron,6,0,2,0,8,75
1158,indo-europeaan,1,6,1,0,8,75
1167,moslim,2,6,0,0,8,75
1173,marron,0,6,2,0,8,75
1176,inlander,6,2,0,0,8,75
1182,stam,1,6,1,0,8,75
1186,inboorling,6,2,0,0,8,75
1196,kaukasisch,2,6,0,0,8,75
1198,tovenaar,0,6,1,1,8,75
122,aziatisch,2,6,0,0,8,75
123,aziatisch,2,6,0,0,8,75
124,negerslaven,6,1,0,1,8,75
125,traditionele,1,6,1,0,8,75
128,achtergrond,0,6,1,1,8,75
131,dwerggroei,2,6,0,0,8,75
133,misvormden,1,6,1,0,8,75
139,inlander,0,6,1,1,8,75
1406,boesman,0,6,2,0,8,75
1410,barbaren,6,2,0,0,8,75
142,page,1,6,1,0,8,75
1421,slavenschip,6,2,0,0,8,75
1438,moslim,0,6,0,2,8,75
1445,berber,1,6,1,0,8,75
145,zwartje,6,1,1,0,8,75
146,gemengd,1,6,1,0,8,75
156,barbaar,2,6,0,0,8,75
158,indo-europeaan,2,6,0,0,8,75
165,dwerggroei,1,6,0,1,8,75
176,inheems,1,6,1,0,8,75
179,dwerggroei,2,6,0,0,8,75
180,metis,1,1,6,0,8,75
185,gekleurd,1,6,1,0,8,75
186,lesbisch,0,6,2,0,8,75
221,gemengd,0,6,1,1,8,75
231,traditionele,1,6,1,0,8,75
235,ras,6,1,1,0,8,75
248,traditionele,1,6,1,0,8,75
2506,muzelman,3,0,1,0,4,75
2509,queer,0,1,0,3,4,75
251,slaven,2,6,0,0,8,75
2511,historisch,0,3,0,1,4,75
2512,marron,0,1,3,0,4,75
2513,achtergrond,0,3,0,1,4,75
2516,mesties,0,1,3,0,4,75
2517,inheems,0,3,1,0,4,75
252,dwerg,1,6,1,0,8,75
2522,muzelman,3,0,1,0,4,75
2523,marron,0,1,3,0,4,75
2529,indo-europeaan,0,3,1,0,4,75
2530,neger,3,1,0,0,4,75
2531,aziatisch,0,1,0,3,4,75
2532,mongool,0,3,1,0,4,75
2533,koelie,1,0,3,0,4,75
2534,indo,0,3,0,1,4,75
2537,inheems,0,3,1,0,4,75
2538,koelie,1,0,3,0,4,75
2546,koelie,1,0,3,0,4,75
2548,indo-europeaan,0,3,1,0,4,75
256,moslim,1,6,1,0,8,75
267,onbeschaafd,0,6,0,2,8,75
268,indisch,0,6,0,2,8,75
279,moslim,2,6,0,0,8,75
284,moslim,2,6,0,0,8,75
292,aziatisch,1,6,0,1,8,75
402,moslim,1,6,0,1,8,75
409,slaaf,6,2,0,0,8,75
414,slaaf,6,1,1,0,8,75
425,gemengd,0,6,2,0,8,75
426,marron,1,1,6,0,8,75
427,aziatisch,2,6,0,0,8,75
432,mesties,2,0,6,0,8,75
441,dwerggroei,1,6,1,0,8,75
451,slaaf,6,2,0,0,8,75
452,marron,1,1,6,0,8,75
465,moor,0,6,2,0,8,75
469,zigeuner,6,2,0,0,8,75
476,knecht,2,6,0,0,8,75
486,berber,0,6,2,0,8,75
492,exotisch,2,6,0,0,8,75
496,zigeuner,6,2,0,0,8,75
655,primitief,2,6,0,0,8,75
659,ras,0,2,0,6,8,75
670,historisch,0,6,2,0,8,75
673,ras,1,6,0,1,8,75
681,gemengd,0,6,0,2,8,75
683,eskimo,2,6,0,0,8,75
686,gekleurd,2,6,0,0,8,75
700,moslim,0,6,2,0,8,75
706,moslim,1,6,1,0,8,75
709,inuit,1,1,0,6,8,75
711,afgod,1,6,1,0,8,75
712,knecht,2,6,0,0,8,75
713,halfbloed,6,2,0,0,8,75
716,marron,1,0,1,6,8,75
717,afgod,1,6,1,0,8,75
718,bosneger,6,0,0,2,8,75
722,koelie,1,1,6,0,8,75
723,marron,0,0,2,6,8,75
747,aziatisch,1,6,1,0,8,75
754,marron,1,6,1,0,8,75
761,marron,0,2,0,6,8,75
768,marron,0,6,2,0,8,75
772,moor,1,6,1,0,8,75
778,dwerggroei,1,6,1,0,8,75
779,indo-europeaan,2,6,0,0,8,75
788,indo,2,6,0,0,8,75
799,roots,0,6,1,1,8,75
903,indiaan,6,2,0,0,8,75
907,zwartje,6,1,1,0,8,75
914,gemengd,1,6,1,0,8,75
916,dwerg,6,2,0,0,8,75
921,aapman,6,1,1,0,8,75
927,islamiet,2,6,0,0,8,75
933,marron,0,6,2,0,8,75
941,barbaar,0,6,2,0,8,75
943,dwerggroei,1,6,1,0,8,75
0,aziatisch,0,5,1,1,7,71
1050,moslim,1,5,1,0,7,71
1058,barbaar,1,5,1,0,7,71
1066,roots,0,5,1,1,7,71
1074,eskimo,2,5,0,0,7,71
1093,negerslaven,5,2,0,0,7,71
1095,indo-europeaan,0,5,2,0,7,71
1098,indo-europeaan,1,5,1,0,7,71
12,halfbloed,1,5,0,1,7,71
1201,negerslaven,5,1,1,0,7,71
1203,indo-europeaan,1,5,1,0,7,71
1209,gemengd,2,5,0,0,7,71
1212,indo-europeaan,1,5,1,0,7,71
1217,achtergrond,2,5,0,0,7,71
1218,berber,1,5,1,0,7,71
1222,achtergrond,2,5,0,0,7,71
1224,koppensneller,2,5,0,0,7,71
1229,historisch,1,5,0,1,7,71
1230,aboriginal,1,5,0,1,7,71
1231,inheems,1,5,1,0,7,71
1232,bediende,1,5,1,0,7,71
1235,traditioneel,1,5,1,0,7,71
1245,aziatisch,1,5,0,1,7,71
1249,queer,1,1,0,5,7,71
1254,exotisch,1,5,1,0,7,71
1261,bediende,1,5,1,0,7,71
1263,handicap,1,5,1,0,7,71
1282,marron,0,1,1,5,7,71
1283,inheems,1,5,1,0,7,71
1292,inheems,0,5,1,1,7,71
1293,roots,0,5,2,0,7,71
1297,inlander,1,5,1,0,7,71
14,slaaf,2,5,0,0,7,71
1512,halfbloed,2,5,0,0,7,71
1519,mesties,0,2,5,0,7,71
1539,inheems,1,5,1,0,7,71
1543,queer,1,5,1,0,7,71
1547,kaukasisch,1,5,1,0,7,71
1607,handicap,0,5,0,2,7,71
1613,moslim,2,5,0,0,7,71
1624,indo-europeaan,1,5,1,0,7,71
1626,afgod,0,5,1,1,7,71
1629,zigeuner,0,5,1,1,7,71
1635,traditionele,1,5,0,1,7,71
1644,westers,0,5,0,2,7,71
1647,afkomst,0,5,1,1,7,71
1648,afgod,1,5,1,0,7,71
1649,blank,2,5,0,0,7,71
2001,slaaf,5,2,0,0,7,71
2005,achtergrond,1,5,0,1,7,71
2007,inheems,1,5,0,1,7,71
2008,mesties,1,0,5,1,7,71
2011,onbeschaafd,1,5,1,0,7,71
2013,berber,2,5,0,0,7,71
2024,bosneger,5,0,0,2,7,71
2030,exotisch,0,5,1,1,7,71
2038,inheems,0,5,2,0,7,71
2040,indo-europeaan,1,5,1,0,7,71
2041,moslim,2,5,0,0,7,71
2046,inlandsche,0,5,2,0,7,71
2048,aziatisch,1,5,0,1,7,71
2306,traditionele,0,2,0,5,7,71
2308,kaffer,5,2,0,0,7,71
2309,inuit,0,5,0,2,7,71
2321,moor,0,5,1,1,7,71
2331,halfbloed,5,1,1,0,7,71
2335,halfbloed,5,0,2,0,7,71
2555,gemengd,1,5,0,1,7,71
2566,barbaren,0,5,2,0,7,71
2569,aziatisch,0,5,1,1,7,71
2577,moslim,1,5,0,1,7,71
2592,ras,1,5,1,0,7,71
2602,bediende,1,5,1,0,7,71
2606,marron,0,5,0,2,7,71
2612,onbeschaafd,1,5,0,1,7,71
2616,gemengd,1,5,1,0,7,71
2630,handicap,0,5,1,1,7,71
2652,inboorling,5,2,0,0,7,71
2654,moslim,1,5,0,1,7,71
2660,lilliputter,5,0,0,2,7,71
2668,historisch,0,5,0,2,7,71
2672,kokkie,0,2,5,0,7,71
2675,aziatisch,0,2,0,5,7,71
2682,inboorling,5,1,1,0,7,71
2686,gemengd,0,5,1,1,7,71
2687,mulat,1,1,5,0,7,71
2691,blank,0,1,1,5,7,71
2692,inlandsche,0,5,0,2,7,71
2697,aziatisch,0,1,1,5,7,71
2751,berber,1,5,1,0,7,71
2752,moslim,2,5,0,0,7,71
2755,marron,0,5,1,1,7,71
2757,misvormden,5,2,0,0,7,71
2770,moslim,2,5,0,0,7,71
2772,zigeuner,5,2,0,0,7,71
2781,zigeuner,5,2,0,0,7,71
2788,volbloed,0,2,0,5,7,71
2790,zwartje,5,1,1,0,7,71
2792,dwerg,5,2,0,0,7,71
28,historisch,1,5,1,0,7,71
3,inheems,0,5,1,1,7,71
37,homo,1,5,1,0,7,71
40,moslim,1,5,1,0,7,71
49,gemengd,0,1,1,5,7,71
605,historisch,0,5,0,2,7,71
611,indiaan,2,5,0,0,7,71
618,indo-europeaan,2,5,0,0,7,71
621,barbarlje,1,1,0,5,7,71
625,medicijnman,2,5,0,0,7,71
630,misvormden,5,2,0,0,7,71
641,inheems,1,5,0,1,7,71
643,inuit,1,1,0,5,7,71
851,westers,0,5,1,1,7,71
853,slaven,1,5,1,0,7,71
854,bosneger,5,2,0,0,7,71
855,gemengd,0,2,0,5,7,71
856,page,0,5,0,2,7,71
877,islamiet,1,5,1,0,7,71
878,volbloed,2,5,0,0,7,71
879,zigeuner,5,2,0,0,7,71
880,aziatisch,1,5,1,0,7,71
881,gemengd,0,5,0,2,7,71
883,baboe,0,1,5,1,7,71
896,westers,0,5,1,1,7,71
9,dwerggroei,2,5,0,0,7,71
H103,jakarta,0,5,0,2,7,71
H106,inheems,0,2,0,5,7,71
H111,gemengd,0,5,2,0,7,71
H128,medicijnman,0,5,2,0,7,71
H130,roma,0,1,1,5,7,71
H131,dwerg,5,1,1,0,7,71
H139,hottentot,5,2,0,0,7,71
H142,knecht,2,5,0,0,7,71
H146,islamiet,1,5,1,0,7,71
H54,inheems,5,1,1,0,7,71
H55,baboe,5,0,2,0,7,71
H57,blank,2,5,0,0,7,71
H58,indisch,1,5,1,0,7,71
H64,indisch,0,5,2,0,7,71
H73,dwerggroei,2,5,0,0,7,71
H76,aziatisch,0,5,0,2,7,71
H80,inheems,5,1,1,0,7,71
H83,stam,2,5,0,0,7,71
302,pygmee,2,7,1,0,10,70
304,medicijnman,2,7,0,1,10,70
310,barbaren,3,7,0,0,10,70
336,exotisch,3,7,0,0,10,70
342,kwinti,0,1,2,7,10,70
551,primitief,3,7,0,0,10,70
553,inuit,0,7,3,0,10,70
565,dwerggroei,1,7,2,0,10,70
569,moslim,0,7,0,3,10,70
587,volbloed,1,7,1,1,10,70
804,inheems,0,7,2,1,10,70
805,slaven,3,7,0,0,10,70
820,stam,0,7,1,2,10,70
822,indo-europeaan,1,7,2,0,10,70
823,exotisch,0,7,2,1,10,70
838,slaaf,2,7,1,0,10,70
1000,moslim,4,8,0,0,12,67
1001,dwerggroei,1,8,1,2,12,67
1003,moslim,3,8,1,0,12,67
1005,aboriginal,2,8,2,0,12,67
1007,inheems,1,2,1,8,12,67
1013,marron,0,3,1,8,12,67
1014,aziatisch,4,8,0,0,12,67
1018,medicijnman,1,8,1,2,12,67
1021,queer,4,8,0,0,12,67
1023,inlandsche,2,8,1,1,12,67
1024,gemengd,0,8,0,4,12,67
1025,historisch,1,8,1,2,12,67
1033,koelie,8,2,2,0,12,67
1037,bediende,2,8,1,1,12,67
1039,aziatisch,2,8,2,0,12,67
1041,ras,2,8,2,0,12,67
1042,kokkie,0,8,4,0,12,67
1117,historisch,0,6,0,3,9,67
1118,moslim,3,6,0,0,9,67
1123,mengras,6,2,1,0,9,67
1133,pygmee,2,6,1,0,9,67
1139,metis,1,1,6,1,9,67
1142,gemengd,0,6,2,1,9,67
1145,inheems,1,6,0,2,9,67
1301,mulat,6,1,2,0,9,67
1305,kaukasisch,3,6,0,0,9,67
1309,inheems,3,6,0,0,9,67
1311,kaukasisch,2,6,1,0,9,67
1313,kaffer,3,0,0,6,9,67
1323,barbaar,3,6,0,0,9,67
1332,inheems,2,6,1,0,9,67
1333,lesbisch,1,6,1,1,9,67
1345,achtergrond,0,6,0,3,9,67
1351,pygmee,1,4,1,0,6,67
1358,islamiet,2,4,0,0,6,67
1375,volbloed,4,2,0,0,6,67
1376,gemengd,4,1,1,0,6,67
1377,indo-europeaan,4,2,0,0,6,67
1381,pygmee,4,2,0,0,6,67
1393,primitief,1,4,1,0,6,67
1394,kaffer,2,0,4,0,6,67
1395,marron,0,4,1,1,6,67
1397,indo-europeaan,4,1,1,0,6,67
1485,slaven,6,2,0,1,9,67
1490,inboorling,6,1,2,0,9,67
1492,kaukasisch,0,6,3,0,9,67
1494,westers,1,6,0,2,9,67
1561,berber,1,4,1,0,6,67
1562,gemengd,0,4,0,2,6,67
1569,roots,0,4,0,2,6,67
1572,gemengd,2,4,0,0,6,67
1573,aziatisch,2,4,0,0,6,67
1576,lilliputter,4,1,1,0,6,67
1578,halfbloed,4,1,1,0,6,67
1581,halfbloed,4,2,0,0,6,67
1595,baboe,0,0,4,2,6,67
1599,inboorling,4,0,2,0,6,67
1650,inlander,1,4,1,0,6,67
1651,marron,1,4,1,0,6,67
1653,queer,1,4,0,1,6,67
1660,knecht,4,2,0,0,6,67
1661,onbeschaafd,2,4,0,0,6,67
1664,indo-europeaan,1,4,1,0,6,67
1666,indo,1,4,1,0,6,67
1668,muzelman,4,0,2,0,6,67
1674,page,1,4,1,0,6,67
1677,baboe,1,0,4,1,6,67
1687,historisch,1,4,1,0,6,67
1696,knecht,2,4,0,0,6,67
1703,dwerggroei,1,4,1,0,6,67
1704,historisch,0,4,2,0,6,67
1705,slaven,1,4,1,0,6,67
1711,gemengd,0,4,2,0,6,67
1721,indo-europeaan,1,4,1,0,6,67
1723,achtergrond,1,4,1,0,6,67
1727,inheems,1,4,1,0,6,67
1734,volbloed,1,4,1,0,6,67
1735,dwerggroei,2,4,0,0,6,67
1738,marron,0,4,0,2,6,67
1747,zigeuner,2,4,0,0,6,67
1750,inheems,1,4,0,1,6,67
1752,ontdekken,0,4,0,2,6,67
1753,hottentot,4,1,1,0,6,67
1757,zigeunermuziek,2,4,0,0,6,67
1760,moslim,2,4,0,0,6,67
1763,muzelman,4,1,1,0,6,67
1773,indo-europeaan,2,4,0,0,6,67
1774,afkomst,0,2,0,4,6,67
1780,gemengd,4,2,0,0,6,67
1793,inheems,0,4,1,1,6,67
1797,traditioneel,2,4,0,0,6,67
1805,indisch,1,4,1,0,6,67
1809,baboe,0,2,0,4,6,67
1816,indo-europeaan,2,4,0,0,6,67
1817,marron,0,2,4,0,6,67
1818,gemengd,0,1,1,4,6,67
1820,kaffer,2,0,4,0,6,67
1822,marron,0,2,4,0,6,67
1824,bediende,2,4,0,0,6,67
1836,bediende,2,4,0,0,6,67
1841,kaffer,2,0,4,0,6,67
1842,inlandsche,2,4,0,0,6,67
1850,ras,1,4,1,0,6,67
1854,indo-europeaan,2,4,0,0,6,67
1856,inheems,1,4,0,1,6,67
1857,hottentot,2,4,0,0,6,67
1860,indo-europeaan,2,4,0,0,6,67
1861,traditionele,0,2,0,4,6,67
1863,inuit,1,4,1,0,6,67
1868,afgod,1,4,1,0,6,67
1869,pygmee,4,2,0,0,6,67
1870,dwerg,4,2,0,0,6,67
1871,slaven,0,2,0,4,6,67
1883,inheems,0,2,0,4,6,67
1884,marron,0,2,0,4,6,67
1887,indo-europeaan,2,4,0,0,6,67
1891,achtergrond,0,2,0,4,6,67
1892,wild,1,4,1,0,6,67
1893,aziatisch,1,4,1,0,6,67
1897,handicap,1,4,1,0,6,67
1898,knecht,4,1,1,0,6,67
1955,marron,0,4,2,0,6,67
1957,bediende,1,4,1,0,6,67
1963,indo,2,4,0,0,6,67
1987,aboriginal,2,4,0,0,6,67
1994,pygmee,4,1,1,0,6,67
1998,barbaren,2,4,0,0,6,67
2103,primitief,2,4,0,0,6,67
2113,mesties,2,0,4,0,6,67
2114,indo-europeaan,2,4,0,0,6,67
2117,barbaar,2,4,0,0,6,67
2119,handicap,0,4,1,1,6,67
2125,page,1,4,1,0,6,67
2127,inlander,4,1,1,0,6,67
2133,metis,1,1,4,0,6,67
2136,boesman,4,1,1,0,6,67
2139,pygmee,4,2,0,0,6,67
2145,aziatisch,1,4,1,0,6,67
2146,historisch,1,4,1,0,6,67
2147,moslim,2,4,0,0,6,67
2149,inheems,2,4,0,0,6,67
2152,hottentot,0,4,1,1,6,67
2153,historisch,0,2,0,4,6,67
2161,ontdekken,2,4,0,0,6,67
2162,indo-europeaan,1,4,1,0,6,67
2172,onbeschaafd,0,2,0,4,6,67
2177,moslim,2,4,0,0,6,67
2178,marron,0,4,2,0,6,67
2180,gemengd,0,4,1,1,6,67
2185,volbloed,4,2,0,0,6,67
2186,indiaan,2,4,0,0,6,67
2202,indo-europeaan,1,4,1,0,6,67
2221,baboe,2,0,4,0,6,67
2222,gemengd,0,4,1,1,6,67
2223,baboe,2,0,4,0,6,67
2225,handicap,2,4,0,0,6,67
2229,ras,2,4,0,0,6,67
2236,mongool,4,2,0,0,6,67
2249,ras,4,2,0,0,6,67
2351,inheems,0,4,0,2,6,67
2352,roots,0,4,0,2,6,67
2354,eskimo,2,4,0,0,6,67
2357,moslim,2,4,0,0,6,67
2362,onbeschaafd,2,4,0,0,6,67
2376,marron,0,1,1,4,6,67
2383,baboe,0,0,2,4,6,67
2386,blank,2,4,0,0,6,67
2393,afgod,0,4,0,2,6,67
2401,mongool,2,4,0,0,6,67
2407,koppensneller,1,4,1,0,6,67
2408,gemengd,0,4,1,1,6,67
2410,inheems,2,4,0,0,6,67
2416,misvormden,2,4,0,0,6,67
2426,handicap,0,4,0,2,6,67
2427,indo,2,4,0,0,6,67
2432,indo-europeaan,2,4,0,0,6,67
2436,marron,0,2,4,0,6,67
2446,zwartje,2,0,4,0,6,67
2706,inlander,1,4,1,0,6,67
2707,pygmee,0,4,2,0,6,67
2708,gemengd,0,4,0,2,6,67
2709,koppensneller,4,2,0,0,6,67
2711,barbaren,0,4,0,2,6,67
2719,indo-europeaan,1,4,1,0,6,67
2720,marron,0,4,1,1,6,67
2721,marron,0,4,2,0,6,67
2722,slaaf,2,4,0,0,6,67
2730,ras,2,4,0,0,6,67
2738,onbeschaafd,1,4,1,0,6,67
2739,slaaf,4,2,0,0,6,67
2740,kaukasisch,0,4,1,1,6,67
2743,marron,0,1,1,4,6,67
2744,barbaar,2,4,0,0,6,67
2749,marron,0,4,2,0,6,67
356,inlandsche,1,4,1,0,6,67
357,blank,4,2,0,0,6,67
368,onbeschaafd,1,4,1,0,6,67
379,primitief,0,4,1,1,6,67
382,indo-europeaan,2,4,0,0,6,67
384,inheems,2,4,0,0,6,67
391,queer,2,4,0,0,6,67
393,koppensneller,1,4,1,0,6,67
394,indo-europeaan,2,4,0,0,6,67
398,indo-europeaan,2,4,0,0,6,67
399,boesman,0,4,2,0,6,67
501,slavenschip,2,4,0,0,6,67
503,aziatisch,2,4,0,0,6,67
509,kaffer,4,0,2,0,6,67
510,kaukasisch,1,4,1,0,6,67
527,inheems,0,4,0,2,6,67
540,hottentot,4,1,1,0,6,67
546,eskimo,4,2,0,0,6,67
548,islamiet,4,1,1,0,6,67
56,indo-europeaan,2,4,0,0,6,67
57,traditionele,0,4,2,0,6,67
61,inheems,0,4,1,1,6,67
68,aziatisch,2,4,0,0,6,67
77,inheems,0,2,0,4,6,67
79,indo-europeaan,2,4,0,0,6,67
80,kokkie,0,4,2,0,6,67
86,inlandsche,1,4,1,0,6,67
87,indo-europeaan,2,4,0,0,6,67
89,mongool,2,4,0,0,6,67
90,volbloed,2,4,0,0,6,67
93,inheems,0,4,1,1,6,67
94,aziatisch,2,4,0,0,6,67
950,indo-europeaan,6,3,0,0,9,67
951,inheems,2,6,1,0,9,67
954,traditionele,0,6,1,2,9,67
96,knecht,2,4,0,0,6,67
965,wild,0,3,0,6,9,67
980,halfbloed,6,2,1,0,9,67
H0,historisch,0,4,0,2,6,67
H14,indo-europeaan,1,4,0,1,6,67
H18,kaffer,4,0,2,0,6,67
H20,inboorling,4,1,1,0,6,67
H22,blank,4,1,1,0,6,67
H23,jakarta,1,4,1,0,6,67
H24,gemengd,1,4,0,1,6,67
H26,gay,0,1,1,4,6,67
H27,trans,0,4,0,2,6,67
H29,volbloed,4,2,0,0,6,67
H39,roma,0,4,1,1,6,67
H41,jakarta,2,4,0,0,6,67
H9,kaukasisch,2,4,0,0,6,67
102,etniciteit,0,5,0,3,8,63
103,gemengd,1,5,1,1,8,63
109,gemengd,1,5,1,1,8,63
111,moslim,3,5,0,0,8,63
1152,dwerggroei,1,5,0,2,8,63
1162,exotisch,2,5,1,0,8,63
1163,indo,2,5,1,0,8,63
117,page,0,2,5,1,8,63
1175,lilliputter,5,2,1,0,8,63
1179,inheems,2,5,1,0,8,63
1184,marron,1,5,1,1,8,63
1192,barbaren,5,3,0,0,8,63
121,aboriginal,1,5,2,0,8,63
132,mulat,5,0,3,0,8,63
135,indiaan,3,5,0,0,8,63
138,kwinti,0,0,5,3,8,63
1408,marron,2,0,1,5,8,63
1422,berber,1,5,1,1,8,63
143,kwinti,0,2,5,1,8,63
1434,zigeunermuziek,5,2,0,1,8,63
159,blank,0,5,0,3,8,63
163,eskimo,3,5,0,0,8,63
169,mesties,2,1,5,0,8,63
174,mengras,1,2,5,0,8,63
177,indo,3,5,0,0,8,63
181,historisch,0,5,1,2,8,63
182,marron,1,0,2,5,8,63
196,marron,0,5,3,0,8,63
206,inheems,2,5,1,0,8,63
210,indo-europeaan,2,5,1,0,8,63
211,tovenaar,1,5,1,1,8,63
226,queer,1,2,0,5,8,63
228,mongool,3,5,0,0,8,63
230,aziatisch,2,5,1,0,8,63
236,inheems,2,5,1,0,8,63
238,inlandsche,5,3,0,0,8,63
242,indo-europeaan,3,5,0,0,8,63
243,indo-europeaan,3,5,0,0,8,63
244,gekleurd,5,3,0,0,8,63
254,tovenaar,1,5,0,2,8,63
266,bediende,1,5,2,0,8,63
275,baboe,0,3,5,0,8,63
281,indiaan,1,5,1,1,8,63
293,mongool,5,2,1,0,8,63
295,marron,0,3,5,0,8,63
296,indisch,0,5,0,3,8,63
299,kwinti,0,0,3,5,8,63
403,barbaren,5,3,0,0,8,63
405,barbaren,5,2,1,0,8,63
407,kaffer,5,0,3,0,8,63
411,volbloed,5,2,0,1,8,63
420,moslim,2,5,1,0,8,63
429,indo,1,5,2,0,8,63
444,mongool,5,2,1,0,8,63
446,marron,1,0,2,5,8,63
449,lilliputter,5,2,1,0,8,63
457,tovenaar,0,3,0,5,8,63
458,inlander,3,5,0,0,8,63
466,volbloed,2,5,1,0,8,63
467,lilliputter,5,3,0,0,8,63
475,metis,0,1,5,2,8,63
478,dwerg,5,3,0,0,8,63
479,boesman,0,5,3,0,8,63
482,mesties,1,2,5,0,8,63
484,zwartje,3,5,0,0,8,63
485,misvormden,3,5,0,0,8,63
491,marron,1,0,5,2,8,63
493,muzelman,0,3,5,0,8,63
654,berber,1,5,2,0,8,63
662,roots,0,5,1,2,8,63
665,handicap,1,5,1,1,8,63
667,inheems,2,5,1,0,8,63
672,dwerggroei,2,5,1,0,8,63
679,zigeunermuziek,5,2,1,0,8,63
680,misvormden,5,2,0,1,8,63
689,gemengd,0,5,0,3,8,63
726,halfbloed,5,3,0,0,8,63
737,inboorling,5,1,1,1,8,63
742,inheems,0,5,0,3,8,63
743,dwerggroei,1,5,2,0,8,63
745,queer,2,5,1,0,8,63
749,kaukasisch,1,5,2,0,8,63
751,blank,2,5,1,0,8,63
752,dwerggroei,2,5,1,0,8,63
753,halfbloed,5,3,0,0,8,63
756,achtergrond,1,5,2,0,8,63
758,indo-europeaan,2,5,1,0,8,63
762,marron,2,5,1,0,8,63
765,kaffer,5,0,3,0,8,63
766,indisch,0,5,1,2,8,63
773,indo-europeaan,2,5,1,0,8,63
784,indiaan,5,2,1,0,8,63
785,primitief,3,5,0,0,8,63
787,historisch,1,5,1,1,8,63
793,inuit,0,5,3,0,8,63
796,inheems,2,5,1,0,8,63
797,slavenschip,5,3,0,0,8,63
904,volbloed,2,5,0,1,8,63
912,marron,1,5,1,1,8,63
915,slavenschip,2,5,1,0,8,63
917,indo-europeaan,1,5,2,0,8,63
918,moor,1,5,2,0,8,63
919,marron,1,2,0,5,8,63
925,indo,1,5,2,0,8,63
929,primitief,3,5,0,0,8,63
930,zigeuner,5,2,1,0,8,63
932,queer,1,5,0,2,8,63
935,kokkie,1,5,2,0,8,63
942,mongool,5,2,1,0,8,63
944,page,0,5,3,0,8,63
945,misvormden,5,3,0,0,8,63
946,lilliputter,5,2,1,0,8,63
1901,gemengd,0,3,1,1,5,60
1902,homo,0,3,0,2,5,60
1903,marron,0,3,0,2,5,60
1905,metis,0,2,0,3,5,60
1909,dwerg,1,3,1,0,5,60
1911,gemengd,1,3,0,1,5,60
1913,koppensneller,1,3,1,0,5,60
1919,exotisch,0,3,0,2,5,60
1922,mulat,3,0,2,0,5,60
1928,gekleurd,2,3,0,0,5,60
1935,barbaren,2,3,0,0,5,60
1937,marron,1,0,3,1,5,60
1939,koppensneller,1,3,0,1,5,60
2050,marron,0,2,0,3,5,60
2059,slavenschip,2,3,0,0,5,60
2063,inheems,0,3,2,0,5,60
2074,inheems,0,2,3,0,5,60
2076,inheems,1,3,1,0,5,60
2079,slaven,3,2,0,0,5,60
2082,mesties,1,0,1,3,5,60
2090,kokkie,0,3,2,0,5,60
2092,onbeschaafd,1,3,1,0,5,60
2250,halfbloed,2,3,0,0,5,60
2251,indiaan,3,2,0,0,5,60
2252,halfbloed,3,2,0,0,5,60
2254,moslim,2,3,0,0,5,60
2255,marron,0,0,2,3,5,60
2258,moslim,0,3,0,2,5,60
2262,inheems,0,2,0,3,5,60
2264,mulat,3,0,2,0,5,60
2267,moslim,2,3,0,0,5,60
2268,gemengd,0,3,0,2,5,60
2271,zwartje,1,3,1,0,5,60
2274,koelie,1,1,3,0,5,60
2278,misvormden,3,2,0,0,5,60
2286,marron,3,0,2,0,5,60
2287,moor,0,2,3,0,5,60
2455,volbloed,2,3,0,0,5,60
2456,queer,1,1,0,3,5,60
2457,mongool,1,3,1,0,5,60
2458,primitief,1,0,1,3,5,60
2466,slaven,3,2,0,0,5,60
2469,inlandsche,1,3,0,1,5,60
2471,koelie,1,0,1,3,5,60
2475,moslim,1,3,1,0,5,60
2476,barbaar,2,3,0,0,5,60
2479,lilliputter,3,1,1,0,5,60
2480,inlandsche,1,3,1,0,5,60
2489,zigeuner,3,1,1,0,5,60
2490,inheems,0,2,0,3,5,60
2492,moor,0,3,0,2,5,60
2493,metis,1,0,3,1,5,60
303,achtergrond,1,6,1,2,10,60
308,inheems,2,6,1,1,10,60
315,negerslaven,6,4,0,0,10,60
321,ras,6,4,0,0,10,60
325,page,0,6,3,1,10,60
331,marron,2,6,1,1,10,60
334,marron,2,6,2,0,10,60
339,indo-europeaan,0,6,1,3,10,60
550,indo-europeaan,3,6,1,0,10,60
552,zigeunermuziek,4,6,0,0,10,60
555,pygmee,1,6,3,0,10,60
557,dwerggroei,3,6,1,0,10,60
576,moslim,2,6,2,0,10,60
816,boesman,1,6,3,0,10,60
819,halfbloed,6,3,1,0,10,60
821,mulat,6,1,3,0,10,60
827,barbaar,6,4,0,0,10,60
842,aziatisch,0,6,1,3,10,60
848,moslim,0,6,0,4,10,60
1008,indisch,1,7,0,4,12,58
1009,mongool,7,4,1,0,12,58
1035,mongool,4,7,0,1,12,58
1036,homo,5,7,0,0,12,58
1038,gemengd,0,7,2,3,12,58
1052,handicap,0,2,1,4,7,57
1060,bediende,1,4,1,1,7,57
1064,indiaan,4,3,0,0,7,57
1070,marron,2,1,4,0,7,57
1076,kaffer,3,0,4,0,7,57
1078,gemengd,1,4,2,0,7,57
1085,indo,4,1,2,0,7,57
1088,dwerg,2,1,0,4,7,57
1089,dwerg,2,4,1,0,7,57
1092,inheems,3,4,0,0,7,57
1202,slaven,3,4,0,0,7,57
1205,volbloed,3,4,0,0,7,57
1206,gemengd,0,4,0,3,7,57
1213,kaffer,4,2,1,0,7,57
1214,volbloed,2,4,0,1,7,57
1220,zigeuner,4,2,1,0,7,57
1226,barbaren,3,4,0,0,7,57
1227,dwerg,4,3,0,0,7,57
1243,tovenaar,0,4,0,3,7,57
1250,eskimo,3,4,0,0,7,57
1256,moslim,1,4,2,0,7,57
1257,inheems,0,4,0,3,7,57
1262,moslim,0,4,3,0,7,57
1265,gemengd,3,4,0,0,7,57
1267,zigeuner,4,2,1,0,7,57
1269,metis,0,1,2,4,7,57
1271,moslim,1,4,1,1,7,57
1275,indo-europeaan,2,4,1,0,7,57
1280,zwartje,4,1,2,0,7,57
1284,indiaan,4,2,1,0,7,57
1285,slavenschip,4,3,0,0,7,57
1286,mengras,1,4,1,1,7,57
1299,marron,0,4,3,0,7,57
1500,zwartje,3,4,0,0,7,57
1504,halfbloed,3,4,0,0,7,57
1518,indiaan,3,4,0,0,7,57
1520,dwerg,3,4,0,0,7,57
1526,inboorling,3,4,0,0,7,57
1528,boesman,0,3,4,0,7,57
1534,moslim,1,4,0,2,7,57
1542,zigeunermuziek,3,4,0,0,7,57
1603,inheems,1,4,1,1,7,57
1608,misvormden,4,2,1,0,7,57
1617,indo-europeaan,2,4,0,1,7,57
1627,slaaf,3,4,0,0,7,57
1628,inheems,3,4,0,0,7,57
1630,marron,0,4,2,1,7,57
1632,volbloed,4,2,1,0,7,57
1634,homo,2,4,0,1,7,57
1638,eskimo,3,4,0,0,7,57
1643,indo-europeaan,1,4,0,2,7,57
1645,slaaf,3,4,0,0,7,57
2002,afkomst,2,4,1,0,7,57
2004,indo-europeaan,2,4,1,0,7,57
2014,gemengd,0,4,2,1,7,57
2015,gemengd,0,4,0,3,7,57
2020,knecht,2,4,1,0,7,57
2031,aziatisch,0,3,0,4,7,57
2032,traditionele,0,4,0,3,7,57
2033,lilliputter,4,1,2,0,7,57
2034,moor,0,2,4,1,7,57
2037,metis,0,4,2,1,7,57
2322,marron,0,4,3,0,7,57
2349,slaven,2,4,1,0,7,57
2552,marron,1,4,1,1,7,57
2558,inlander,1,2,4,0,7,57
2559,baboe,1,4,2,0,7,57
2561,handicap,1,4,0,2,7,57
2563,gemengd,1,4,2,0,7,57
2568,dwerg,4,0,2,1,7,57
2587,kaffer,4,1,2,0,7,57
2590,inheems,1,4,1,1,7,57
2593,misvormden,2,4,1,0,7,57
2594,gekleurd,2,4,1,0,7,57
2595,inlandsche,2,4,1,0,7,57
2597,marron,0,4,2,1,7,57
2603,indo-europeaan,3,4,0,0,7,57
2604,knecht,2,4,0,1,7,57
2613,zwartje,4,1,1,1,7,57
2620,indiaan,2,4,1,0,7,57
2622,marron,0,4,2,1,7,57
2624,indo-europeaan,2,4,1,0,7,57
2625,gemengd,3,4,0,0,7,57
2628,slaven,3,4,0,0,7,57
2629,ras,3,4,0,0,7,57
2631,slavenschip,3,4,0,0,7,57
2632,achtergrond,0,3,0,4,7,57
2633,marron,0,4,2,1,7,57
2640,inuit,1,4,2,0,7,57
2641,marron,0,4,3,0,7,57
2642,indiaan,2,4,1,0,7,57
2647,barbaar,4,3,0,0,7,57
2648,dwerg,3,4,0,0,7,57
2649,inheems,1,4,2,0,7,57
2651,barbaren,2,4,1,0,7,57
2653,baboe,1,2,4,0,7,57
2661,koppensneller,3,4,0,0,7,57
2678,mulat,0,1,4,2,7,57
2693,onbeschaafd,1,2,0,4,7,57
2696,koppensneller,4,2,1,0,7,57
2756,volbloed,4,3,0,0,7,57
2758,lilliputter,4,3,0,0,7,57
2760,slaaf,4,3,0,0,7,57
2763,marron,0,4,2,1,7,57
2769,mesties,3,4,0,0,7,57
2776,lilliputter,3,4,0,0,7,57
33,slaaf,3,4,0,0,7,57
34,eskimo,4,2,1,0,7,57
38,eskimo,4,2,1,0,7,57
44,marron,0,0,4,3,7,57
601,lesbisch,2,4,0,1,7,57
602,dwerggroei,2,4,0,1,7,57
614,islamiet,2,4,1,0,7,57
624,indo-europeaan,2,4,1,0,7,57
627,marron,0,4,3,0,7,57
635,marron,0,4,3,0,7,57
638,marron,0,4,3,0,7,57
644,knecht,4,3,0,0,7,57
646,islamiet,4,3,0,0,7,57
648,aboriginal,2,1,0,4,7,57
649,achtergrond,0,4,1,2,7,57
858,koppensneller,2,1,0,4,7,57
860,queer,0,3,0,4,7,57
861,marron,0,1,2,4,7,57
863,mengras,3,4,0,0,7,57
884,etniciteit,0,3,0,4,7,57
899,zigeunermuziek,4,3,0,0,7,57
H100,barbaren,4,3,0,0,7,57
H102,zwartje,4,0,1,2,7,57
H104,berber,2,4,1,0,7,57
H114,achtergrond,0,3,0,4,7,57
H121,ras,4,3,0,0,7,57
H125,knecht,4,2,0,1,7,57
H136,pygmee,4,2,1,0,7,57
H149,knecht,4,2,1,0,7,57
H53,indo,0,3,0,4,7,57
H59,indo-europeaan,0,3,4,0,7,57
H67,dwerg,4,2,1,0,7,57
H79,marron,2,1,4,0,7,57
H82,marron,2,1,4,0,7,57
H90,indo-europeaan,0,4,3,0,7,57
H98,berber,0,2,1,4,7,57
1101,baboe,2,5,2,0,9,56
1103,inboorling,4,5,0,0,9,56
1121,mulat,5,3,1,0,9,56
1136,koppensneller,1,5,3,0,9,56
1300,gemengd,0,4,0,5,9,56
1330,inlandsche,2,5,2,0,9,56
1337,mesties,3,1,5,0,9,56
1338,inheems,1,5,0,3,9,56
1341,indo-europeaan,3,5,1,0,9,56
1450,indo-europeaan,3,5,1,0,9,56
1451,inuit,0,4,0,5,9,56
1453,aapman,5,3,1,0,9,56
1455,inboorling,5,2,2,0,9,56
1460,indo-europeaan,3,5,1,0,9,56
1463,baboe,3,1,5,0,9,56
1469,marron,0,4,5,0,9,56
1477,inheems,3,5,1,0,9,56
1489,indo-europeaan,3,5,1,0,9,56
1493,knecht,2,5,2,0,9,56
1495,mongool,3,5,1,0,9,56
1496,ras,4,5,0,0,9,56
952,aziatisch,1,5,1,2,9,56
958,zigeunermuziek,5,3,1,0,9,56
961,gekleurd,5,3,1,0,9,56
968,aboriginal,5,3,1,0,9,56
975,barbaar,5,4,0,0,9,56
986,inheems,4,5,0,0,9,56
987,moor,4,5,0,0,9,56
988,inheems,5,4,0,0,9,56
998,koelie,3,1,5,0,9,56
c3,dwerg,221,136,39,3,399,55
1002,hottentot,6,3,3,0,12,50
1015,marron,1,2,3,6,12,50
1019,hottentot,6,4,2,0,12,50
1031,indo-europeaan,4,6,2,0,12,50
1034,marron,0,6,6,0,12,50
1046,lesbisch,4,6,1,1,12,50
1048,gekleurd,2,6,3,1,12,50
115,moor,0,3,4,1,8,50
1150,gemengd,0,3,1,4,8,50
1154,zigeunermuziek,4,4,0,0,8,50
1155,inlandsche,4,1,3,0,8,50
1157,queer,0,3,1,4,8,50
1160,barbaar,4,4,0,0,8,50
1161,page,0,2,4,2,8,50
1164,blank,3,4,0,1,8,50
1170,pygmee,4,4,0,0,8,50
1171,gemengd,0,4,0,4,8,50
1181,mulat,3,0,1,4,8,50
1350,handicap,2,3,0,1,6,50
1355,gemengd,3,3,0,0,6,50
1362,mengras,2,1,3,0,6,50
1365,traditionele,0,3,0,3,6,50
1367,traditionele,0,3,0,3,6,50
1370,knecht,3,2,1,0,6,50
1371,slaaf,3,3,0,0,6,50
1372,inheems,3,3,0,0,6,50
1373,hottentot,3,1,2,0,6,50
1386,ras,2,1,3,0,6,50
1389,boesman,2,3,1,0,6,50
141,marron,1,2,4,1,8,50
1413,gemengd,0,4,3,1,8,50
1423,islamiet,3,4,1,0,8,50
1435,indiaan,3,4,0,1,8,50
1436,handicap,4,2,0,2,8,50
1437,marron,1,4,3,0,8,50
1443,inlander,4,3,1,0,8,50
1448,barbarlje,1,4,3,0,8,50
155,koelie,3,1,4,0,8,50
1554,afgod,0,3,1,2,6,50
1558,zigeunermuziek,3,3,0,0,6,50
1560,gemengd,1,3,1,1,6,50
1566,moslim,3,3,0,0,6,50
1570,muzelman,2,1,3,0,6,50
1574,marron,0,1,3,2,6,50
1575,marron,0,3,3,0,6,50
1577,blank,3,2,1,0,6,50
1579,dwerggroei,3,3,0,0,6,50
1580,inheems,1,3,0,2,6,50
1582,roots,0,2,1,3,6,50
1588,berber,2,3,1,0,6,50
1591,dwerggroei,3,3,0,0,6,50
1593,indo-europeaan,2,3,1,0,6,50
1659,moslim,0,3,0,3,6,50
1665,mulat,2,3,1,0,6,50
167,koelie,4,1,3,0,8,50
1673,gemengd,1,3,2,0,6,50
1678,zwartje,2,3,1,0,6,50
1684,marron,1,2,3,0,6,50
1693,slaven,2,3,1,0,6,50
1702,indo-europeaan,3,2,1,0,6,50
1713,koelie,3,2,1,0,6,50
1722,indo,3,1,2,0,6,50
1724,metis,0,2,3,1,6,50
1728,slavenschip,2,3,1,0,6,50
1740,eskimo,3,3,0,0,6,50
1742,slavenschip,2,3,1,0,6,50
1749,barbaar,1,3,2,0,6,50
1751,mongool,3,3,0,0,6,50
1754,inheems,1,3,1,1,6,50
1756,hottentot,3,2,1,0,6,50
1758,mesties,2,0,1,3,6,50
1759,slaven,3,2,1,0,6,50
1762,kokkie,1,3,1,1,6,50
1768,moslim,3,3,0,0,6,50
1777,moslim,2,3,0,1,6,50
1786,queer,2,3,1,0,6,50
1789,indo-europeaan,3,3,0,0,6,50
1791,koelie,3,2,1,0,6,50
1795,mengras,3,1,2,0,6,50
1798,inlander,2,3,0,1,6,50
1799,traditionele,0,3,0,3,6,50
1804,kokkie,2,3,0,1,6,50
1810,dwerg,3,3,0,0,6,50
1811,slavenschip,3,3,0,0,6,50
1826,indo,3,1,2,0,6,50
1833,misvormden,3,3,0,0,6,50
1839,mongool,2,3,1,0,6,50
1851,mulat,3,3,0,0,6,50
1855,eskimo,3,3,0,0,6,50
1864,moslim,1,3,0,2,6,50
1874,inlandsche,3,2,1,0,6,50
1877,roots,0,3,0,3,6,50
1878,marron,0,3,1,2,6,50
1879,medicijnman,3,2,1,0,6,50
1880,zwartje,3,2,1,0,6,50
1885,indo,2,3,1,0,6,50
1890,indiaan,3,3,0,0,6,50
190,marron,0,4,4,0,8,50
1950,slaaf,3,3,0,0,6,50
1960,volbloed,2,1,3,0,6,50
1962,indo-europeaan,3,2,1,0,6,50
1965,ras,1,3,1,1,6,50
1966,misvormden,3,2,0,1,6,50
1970,misvormden,2,1,0,3,6,50
1971,marron,1,3,2,0,6,50
1972,westers,0,3,0,3,6,50
1976,queer,0,0,3,3,6,50
1977,indo-europeaan,3,2,1,0,6,50
1979,pygmee,3,0,3,0,6,50
1982,indo-europeaan,3,2,1,0,6,50
1983,barbaren,1,3,1,1,6,50
1992,kaukasisch,3,3,0,0,6,50
1995,queer,0,3,3,0,6,50
1999,slaaf,3,2,1,0,6,50
2100,pygmee,2,3,1,0,6,50
2122,inlandsche,2,3,1,0,6,50
2128,koppensneller,3,2,1,0,6,50
2129,homo,2,0,1,3,6,50
2130,marron,1,0,3,2,6,50
2131,inuit,3,3,0,0,6,50
2132,slaaf,3,3,0,0,6,50
2138,indo-europeaan,3,3,0,0,6,50
2148,ras,3,3,0,0,6,50
2157,barbaren,3,3,0,0,6,50
2163,boesman,0,3,3,0,6,50
218,traditionele,1,4,0,3,8,50
2183,inlander,3,2,1,0,6,50
2188,marron,1,2,3,0,6,50
2189,muzelman,1,2,3,0,6,50
2196,marron,0,3,3,0,6,50
2201,gemengd,1,3,1,1,6,50
2207,eskimo,3,2,1,0,6,50
222,inlandsche,4,2,2,0,8,50
223,hottentot,2,2,4,0,8,50
2240,inboorling,3,1,2,0,6,50
233,zigeunermuziek,3,4,1,0,8,50
234,marron,0,3,4,1,8,50
2355,slaven,3,3,0,0,6,50
2358,slaaf,1,1,1,3,6,50
2359,boesman,0,3,3,0,6,50
2364,mulat,2,1,3,0,6,50
2365,inheems,1,3,0,2,6,50
2369,homo,3,2,1,0,6,50
237,zigeuner,4,3,1,0,8,50
2373,marron,0,2,1,3,6,50
2380,moslim,0,3,3,0,6,50
239,halfbloed,4,4,0,0,8,50
2396,aziatisch,1,3,0,2,6,50
240,aboriginal,3,4,1,0,8,50
2403,marron,1,2,3,0,6,50
2404,marron,0,2,3,1,6,50
2406,inlander,3,3,0,0,6,50
2409,slavenschip,3,2,1,0,6,50
2423,knecht,3,3,0,0,6,50
2430,mulat,2,1,3,0,6,50
2433,baboe,1,3,2,0,6,50
2439,zigeuner,2,3,1,0,6,50
2443,kokkie,1,3,2,0,6,50
2444,inlandsche,2,3,1,0,6,50
2500,hottentot,2,0,0,2,4,50
2501,blank,1,2,1,0,4,50
2503,gemengd,0,2,0,2,4,50
2507,moslim,0,2,0,2,4,50
2508,marron,0,1,2,1,4,50
2510,barbaar,1,2,1,0,4,50
2520,moor,1,1,0,2,4,50
2547,halfbloed,2,1,1,0,4,50
2549,zigeuner,1,2,1,0,4,50
257,marron,0,1,3,4,8,50
262,indo,1,4,3,0,8,50
263,indiaan,4,4,0,0,8,50
270,kokkie,1,4,3,0,8,50
2710,marron,2,3,1,0,6,50
2712,indo,3,0,1,2,6,50
272,marron,0,3,4,1,8,50
2732,slaven,3,3,0,0,6,50
2733,queer,2,3,1,0,6,50
2746,bediende,3,3,0,0,6,50
2748,muzelman,1,2,3,0,6,50
280,kaffer,4,2,2,0,8,50
282,handicap,3,4,1,0,8,50
285,kaffer,4,2,2,0,8,50
289,moslim,2,4,1,1,8,50
294,inheems,1,3,0,4,8,50
298,eskimo,4,3,1,0,8,50
305,historisch,0,5,0,5,10,50
313,dwerg,5,2,0,3,10,50
316,marron,2,5,1,2,10,50
328,hottentot,3,5,2,0,10,50
337,slavenschip,5,4,1,0,10,50
346,marron,2,3,0,5,10,50
353,inboorling,3,3,0,0,6,50
363,mulat,3,0,0,3,6,50
366,gekleurd,1,3,1,1,6,50
370,inlander,3,3,0,0,6,50
377,lilliputter,3,2,1,0,6,50
383,koppensneller,2,3,1,0,6,50
386,exotisch,0,3,0,3,6,50
396,inboorling,3,3,0,0,6,50
413,moslim,3,4,1,0,8,50
416,indo-europeaan,4,3,1,0,8,50
417,aboriginal,4,3,1,0,8,50
418,ras,3,0,1,4,8,50
421,queer,4,3,1,0,8,50
422,boesman,4,0,4,0,8,50
433,inheems,2,4,1,1,8,50
436,boesman,1,1,4,2,8,50
438,dwerggroei,2,4,2,0,8,50
448,inheems,3,4,0,1,8,50
471,marron,1,1,2,4,8,50
473,dwerggroei,3,4,0,1,8,50
477,roots,0,3,1,4,8,50
487,kwinti,0,2,2,4,8,50
488,marron,1,0,3,4,8,50
497,metis,1,3,4,0,8,50
50,historisch,0,3,0,3,6,50
51,moslim,3,3,0,0,6,50
514,dwerggroei,2,3,0,1,6,50
516,zigeunermuziek,3,3,0,0,6,50
517,indiaan,2,3,1,0,6,50
520,medicijnman,2,3,1,0,6,50
522,indo-europeaan,3,3,0,0,6,50
524,mesties,2,1,3,0,6,50
529,slaven,3,3,0,0,6,50
532,inlander,3,3,0,0,6,50
535,indo-europeaan,3,3,0,0,6,50
54,zigeuner,3,2,0,1,6,50
545,inheems,3,3,0,0,6,50
562,pygmee,3,5,2,0,10,50
570,afgod,2,5,2,1,10,50
579,ras,0,5,5,0,10,50
58,medicijnman,1,3,2,0,6,50
584,boesman,0,5,5,0,10,50
588,metis,0,4,5,1,10,50
589,slaaf,5,3,2,0,10,50
59,westers,0,3,0,3,6,50
590,zigeuner,5,5,0,0,10,50
591,mesties,0,4,5,1,10,50
592,handicap,2,5,1,2,10,50
597,koppensneller,1,5,4,0,10,50
60,onbeschaafd,3,2,0,1,6,50
62,traditionele,3,2,1,0,6,50
63,westers,0,3,0,3,6,50
657,indo-europeaan,2,4,1,1,8,50
66,knecht,2,3,1,0,6,50
661,stam,0,4,0,4,8,50
668,indo-europeaan,3,4,1,0,8,50
677,afgod,2,4,2,0,8,50
678,koelie,4,0,3,1,8,50
688,homo,4,1,2,1,8,50
694,indo-europeaan,3,4,1,0,8,50
695,moslim,1,3,0,4,8,50
696,baboe,1,2,4,1,8,50
705,baboe,0,4,4,0,8,50
71,dwerggroei,2,3,1,0,6,50
710,zwartje,4,4,0,0,8,50
729,inboorling,4,0,3,1,8,50
735,westers,0,4,0,4,8,50
755,afgod,4,3,1,0,8,50
767,lilliputter,4,2,1,1,8,50
770,marron,1,4,1,2,8,50
771,slavenschip,4,4,0,0,8,50
774,koppensneller,2,4,2,0,8,50
775,inheems,0,4,1,3,8,50
78,koppensneller,1,3,2,0,6,50
781,westers,0,4,0,4,8,50
782,berber,0,4,3,1,8,50
783,mesties,1,3,4,0,8,50
792,slaven,4,2,2,0,8,50
807,halfbloed,4,5,0,1,10,50
82,etniciteit,0,3,0,3,6,50
828,muzelman,5,3,2,0,10,50
832,gemengd,1,5,0,4,10,50
84,muzelman,3,1,2,0,6,50
840,baboe,0,2,3,5,10,50
841,historisch,0,5,0,5,10,50
846,eskimo,4,5,1,0,10,50
85,baboe,3,1,2,0,6,50
908,inlandsche,1,4,3,0,8,50
922,exotisch,4,3,1,0,8,50
926,indo-europeaan,1,4,3,0,8,50
938,koelie,2,2,4,0,8,50
99,homo,3,2,1,0,6,50
H12,inheems,3,3,0,0,6,50
H13,metis,1,2,3,0,6,50
H21,birma,2,3,1,0,6,50
H28,moslim,2,3,1,0,6,50
H43,mesties,3,3,0,0,6,50
H44,marron,1,3,1,1,6,50
H45,marron,1,3,1,1,6,50
H46,pygmee,3,2,1,0,6,50
1111,misvormden,4,4,1,0,9,44
1127,ras,2,4,0,3,9,44
1131,hottentot,0,4,4,1,9,44
1141,homo,1,4,2,2,9,44
1148,koppensneller,4,3,2,0,9,44
1304,marron,2,1,2,4,9,44
1307,inlander,2,4,3,0,9,44
1308,zwartje,4,3,2,0,9,44
1316,koppensneller,3,4,2,0,9,44
1321,hottentot,4,1,4,0,9,44
1325,boesman,4,3,2,0,9,44
1331,inheems,0,4,1,4,9,44
1344,marron,2,1,2,4,9,44
1454,inheems,1,4,0,4,9,44
1465,dwerggroei,2,4,3,0,9,44
1466,homo,2,4,3,0,9,44
1472,roots,0,4,1,4,9,44
1476,marron,0,3,4,2,9,44
1488,marron,1,1,4,3,9,44
963,koelie,3,2,4,0,9,44
964,inheems,4,4,1,0,9,44
977,metis,1,1,4,3,9,44
983,indo,4,4,1,0,9,44
996,eskimo,4,4,1,0,9,44
1,achtergrond,1,3,0,3,7,43
1061,marron,2,2,3,0,7,43
1067,indiaan,3,3,1,0,7,43
1069,kaffer,3,1,1,2,7,43
1073,inheems,3,3,1,0,7,43
1087,marron,3,1,3,0,7,43
1090,baboe,1,2,3,1,7,43
1091,muzelman,3,2,2,0,7,43
11,mulat,3,1,3,0,7,43
1200,slaaf,2,3,0,2,7,43
1228,mongool,3,3,1,0,7,43
1234,marron,0,2,2,3,7,43
1237,indo-europeaan,3,3,1,0,7,43
1239,pygmee,1,3,3,0,7,43
1241,onbeschaafd,3,2,2,0,7,43
1244,kokkie,1,2,3,1,7,43
1248,barbaren,3,3,1,0,7,43
1264,kokkie,0,2,2,3,7,43
1268,mesties,0,3,2,2,7,43
1274,moslim,0,3,3,1,7,43
1276,dwerggroei,2,3,2,0,7,43
1277,onbeschaafd,2,3,2,0,7,43
1279,knecht,1,3,3,0,7,43
1287,metis,0,3,2,2,7,43
1288,moor,0,3,3,1,7,43
1296,mesties,3,2,2,0,7,43
1503,koelie,0,3,1,3,7,43
1505,moor,0,2,2,3,7,43
1507,koppensneller,1,3,3,0,7,43
1509,mulat,3,1,2,1,7,43
1515,inheems,3,3,1,0,7,43
1522,moor,3,2,2,0,7,43
1541,kaffer,1,3,3,0,7,43
16,zwartje,3,1,3,0,7,43
1615,hottentot,3,2,2,0,7,43
1620,mulat,1,1,3,2,7,43
19,zigeunermuziek,3,3,1,0,7,43
2003,zigeuner,2,3,1,1,7,43
2012,kokkie,3,2,2,0,7,43
2018,moslim,0,3,1,3,7,43
2022,metis,0,2,2,3,7,43
2044,kaffer,1,3,3,0,7,43
2049,zigeuner,2,2,3,0,7,43
21,indo-europeaan,2,2,3,0,7,43
2300,marron,0,3,1,3,7,43
2304,koppensneller,2,2,3,0,7,43
2317,barbaar,3,3,1,0,7,43
2327,mesties,3,1,3,0,7,43
2336,muzelman,2,2,3,0,7,43
2338,marron,1,3,3,0,7,43
2341,slavenschip,3,3,1,0,7,43
2344,inboorling,2,2,3,0,7,43
2345,lilliputter,3,3,1,0,7,43
2346,berber,2,3,2,0,7,43
2570,hottentot,2,3,2,0,7,43
2573,kaffer,1,3,2,1,7,43
2583,homo,1,3,1,2,7,43
26,baboe,2,2,3,0,7,43
2610,kokkie,2,2,0,3,7,43
2619,marron,2,2,3,0,7,43
2623,indo,3,1,3,0,7,43
2636,hottentot,3,2,2,0,7,43
2639,indo,0,2,2,3,7,43
2646,eskimo,3,3,1,0,7,43
2690,pygmee,1,3,3,0,7,43
27,hottentot,3,1,3,0,7,43
2762,inlander,3,3,0,1,7,43
2775,metis,0,2,3,2,7,43
2787,metis,0,2,2,3,7,43
2789,muzelman,3,3,1,0,7,43
2795,moor,3,3,1,0,7,43
30,stam,2,3,1,1,7,43
42,marron,1,0,3,3,7,43
45,marron,0,3,3,1,7,43
48,indo-europeaan,2,3,2,0,7,43
610,lilliputter,3,2,1,1,7,43
617,kaffer,1,2,3,1,7,43
622,hottentot,2,3,1,1,7,43
636,berber,2,2,0,3,7,43
642,islamiet,3,1,0,3,7,43
866,inlander,2,3,2,0,7,43
876,kokkie,1,3,3,0,7,43
895,marron,0,3,2,2,7,43
H112,baboe,3,2,2,0,7,43
H113,indo-europeaan,3,3,1,0,7,43
H122,mesties,0,3,1,3,7,43
H124,slaaf,2,3,2,0,7,43
H126,marron,1,0,3,3,7,43
H133,marron,2,2,3,0,7,43
H148,mongool,2,3,2,0,7,43
H66,mesties,3,1,3,0,7,43
H68,lilliputter,3,1,3,0,7,43
H86,inuit,1,3,0,3,7,43
H97,indo-europeaan,2,3,2,0,7,43
1010,muzelman,3,5,4,0,12,42
1027,barbaren,5,5,2,0,12,42
1047,marron,1,2,4,5,12,42
c0,kaffer,134,91,163,11,399,41
1906,inlander,2,1,2,0,5,40
1908,baboe,2,2,1,0,5,40
1918,blank,1,2,0,2,5,40
1932,muzelman,2,1,2,0,5,40
1936,muzelman,2,1,2,0,5,40
2055,kaffer,2,2,1,0,5,40
2057,mulat,2,1,2,0,5,40
2064,marron,1,2,2,0,5,40
2069,marron,1,2,2,0,5,40
2072,gemengd,0,2,1,2,5,40
2080,marron,0,2,2,1,5,40
2081,marron,0,2,2,1,5,40
2086,marron,1,2,2,0,5,40
2098,hottentot,2,1,2,0,5,40
2259,westers,0,2,2,1,5,40
2263,inboorling,2,2,1,0,5,40
2282,inboorling,2,2,0,1,5,40
2460,dwerg,2,1,1,1,5,40
2461,moor,2,0,2,1,5,40
2463,eskimo,2,2,1,0,5,40
2487,moslim,1,2,2,0,5,40
2488,exotisch,2,2,1,0,5,40
2499,marron,1,1,1,2,5,40
318,knecht,4,4,1,1,10,40
338,mengras,3,4,1,2,10,40
564,marron,4,3,3,0,10,40
578,marron,1,3,4,2,10,40
594,marron,2,1,4,3,10,40
595,kokkie,3,3,4,0,10,40
802,zwartje,3,1,4,2,10,40
803,hottentot,4,4,2,0,10,40
818,eskimo,4,4,1,1,10,40
1174,slaaf,3,3,0,2,8,38
119,muzelman,2,3,3,0,8,38
127,marron,0,2,3,3,8,38
134,mongool,3,3,1,1,8,38
137,lilliputter,2,3,2,1,8,38
1402,marron,0,3,3,2,8,38
1405,medicijnman,1,3,1,3,8,38
1415,misvormden,3,3,2,0,8,38
1428,baboe,3,1,3,1,8,38
1449,muzelman,2,3,3,0,8,38
149,zigeuner,3,3,1,1,8,38
187,koelie,2,1,3,2,8,38
199,marron,0,3,3,2,8,38
208,koelie,1,2,2,3,8,38
249,hottentot,3,2,3,0,8,38
253,allochtoon,2,3,1,2,8,38
408,westers,0,3,2,3,8,38
423,moslim,3,3,2,0,8,38
431,pygmee,3,3,2,0,8,38
437,pygmee,3,2,3,0,8,38
443,pygmee,3,3,2,0,8,38
445,koppensneller,3,2,2,1,8,38
460,dwerggroei,3,3,0,2,8,38
658,inboorling,3,1,3,1,8,38
676,inheems,2,3,2,1,8,38
687,berber,3,2,2,1,8,38
691,muzelman,3,2,2,1,8,38
701,mulat,2,3,3,0,8,38
707,muzelman,2,2,3,1,8,38
738,mongool,3,2,1,2,8,38
746,dwerg,3,3,0,2,8,38
760,inboorling,3,2,3,0,8,38
780,lesbisch,2,3,3,0,8,38
794,onbeschaafd,3,2,3,0,8,38
798,moor,1,3,2,2,8,38
905,mulat,3,2,0,3,8,38
931,indo-europeaan,1,3,2,2,8,38
1100,indo,3,3,2,1,9,33
1368,onbeschaafd,2,2,0,2,6,33
1382,inuit,0,2,2,2,6,33
1456,mengras,0,3,3,3,9,33
1568,halfbloed,2,2,1,1,6,33
1585,marron,1,1,2,2,6,33
1689,koppensneller,2,2,2,0,6,33
1720,koelie,0,2,2,2,6,33
1761,koelie,2,1,1,2,6,33
1784,homo,2,2,1,1,6,33
1790,blank,1,2,1,2,6,33
1862,barbaar,2,2,0,2,6,33
1895,inlandsche,2,1,2,1,6,33
2159,kaffer,2,2,2,0,6,33
2195,aziatisch,2,2,0,2,6,33
2213,marron,0,2,2,2,6,33
2243,muzelman,0,2,2,2,6,33
2361,slaaf,2,2,0,2,6,33
2381,hottentot,2,2,2,0,6,33
2405,knecht,2,2,1,1,6,33
365,blank,2,2,1,1,6,33
385,homo,2,2,1,1,6,33
52,barbarlje,1,1,2,2,6,33
55,inlandsche,1,2,1,2,6,33
81,handicap,2,2,2,0,6,33
976,inheems,3,3,1,2,9,33
H15,metis,2,1,1,2,6,33
H3,marron,2,2,2,0,6,33
H35,marron,1,2,1,2,6,33
306,mulat,3,1,3,3,10,30
341,metis,1,3,3,3,10,30
596,homo,3,2,2,3,10,30
H61,indo-europeaan,2,2,2,1,7,29