anonymised_participant_id,time_taken,age,Country of Birth,Current Country of Residence,Employment Status,First Language,Fluent languages,Nationality,Sex,Student Status
6,1706.397,48,Netherlands,Netherlands,DATA EXPIRED,Dutch,"Dutch, German, English",Germany,Male,DATA EXPIRED
5,1307.182,24,Netherlands,Netherlands,Unemployed (and job seeking),Dutch,"English, German, Dutch",Netherlands,Male,No
3,1909.302,20,Netherlands,Netherlands,Part-Time,Spanish,"Dutch, English, Spanish",Netherlands,DATA EXPIRED,No
13,3560.032,29,Belgium,Belgium,Full-Time,Dutch,"Dutch, English, French",Belgium,Male,No
0,523.194,32,Netherlands,Netherlands,Part-Time,Dutch,"English, Dutch",Netherlands,Female,No
1,2056.226,30,Belgium,Belgium,DATA EXPIRED,Dutch,"Dutch, English, French, German, Arabic",Belgium,Female,DATA EXPIRED
12,1152.704,24,South Africa,South Africa,Full-Time,English,"Dutch, English, French, Swahili, Esperanto",South Africa,Female,No
11,1632.177,48,DATA EXPIRED,Netherlands,Full-Time,Dutch,"Dutch, English, German",Netherlands,DATA EXPIRED,No
10,3409.077,26,Netherlands,Netherlands,DATA EXPIRED,Dutch,"Dutch, Farsi, English",Netherlands,Male,DATA EXPIRED
9,1140.859,23,Malawi,Netherlands,Unemployed (and job seeking),Dutch,"English, Dutch",Netherlands,Female,Yes
8,642.917,38,Belgium,Belgium,Unemployed (and job seeking),Dutch,Dutch,Belgium,Male,No
7,420.653,25,Belgium,Belgium,Full-Time,Dutch,"Dutch, English",Belgium,Female,No
20,852.83,18,Netherlands,Netherlands,Part-Time,Dutch,"Dutch, English",Netherlands,Male,Yes
18,343.839,20,Netherlands,Netherlands,Part-Time,Dutch,"English, Dutch",Netherlands,Female,No
17,604.015,24,Belgium,Belgium,Other,Dutch,"English, Dutch",Belgium,Male,Yes
16,615.891,26,Netherlands,Netherlands,Full-Time,Dutch,"English, Dutch",Netherlands,Male,No
15,1011.657,25,Belgium,Belgium,DATA EXPIRED,Dutch,"Dutch, English",Belgium,Male,DATA EXPIRED
28,1867.309,26,Netherlands,Netherlands,DATA EXPIRED,DATA EXPIRED,"Chinese, English, Dutch",Netherlands,Female,DATA EXPIRED
27,813.908,22,Belgium,Belgium,Other,Dutch,"English, Dutch",Belgium,Male,Yes
26,563.13,21,Netherlands,Netherlands,DATA EXPIRED,Dutch,"Dutch, English",Netherlands,Male,DATA EXPIRED
25,1134.696,26,Netherlands,Netherlands,Unemployed (and job seeking),Dutch,"English, Dutch",Netherlands,Male,Yes
24,1147.568,35,Netherlands,Netherlands,Part-Time,Dutch,Dutch,Netherlands,Female,No
21,680.346,23,Lebanon,France,Other,Arabic,"Arabic, English, French, German, Italian, Portuguese, Russian, Spanish, Swedish, Dutch, Danish",Lebanon,Male,Yes
23,623.833,47,Belgium,Belgium,Part-Time,Dutch,"Dutch, English, French, German",Belgium,Female,No
34,1026.675,35,Belgium,Belgium,Full-Time,Dutch,"Dutch, English, French",Belgium,Male,DATA EXPIRED
33,859.304,35,Netherlands,Netherlands,Unemployed (and job seeking),Dutch,"Dutch, English",Netherlands,Female,No
32,1672.877,20,Belgium,Belgium,Other,Dutch,"Dutch, English",Belgium,Female,Yes
31,2614.086,27,Netherlands,Netherlands,DATA EXPIRED,Dutch,"Dutch, English, Portuguese",Netherlands,Male,DATA EXPIRED
29,581.496,29,Albania,Belgium,Part-Time,DATA EXPIRED,"English, Dutch, Albanian, French",Belgium,Male,Yes
44,540.81,19,Netherlands,Netherlands,Part-Time,Dutch,"Dutch, English",Netherlands,Male,Yes
43,1668.509,21,Netherlands,Netherlands,Other,Indonesian,"English, Dutch",Netherlands,Male,Yes
42,1264.778,21,Belgium,Belgium,Other,Dutch,"Dutch, English, French",Belgium,Male,Yes
39,4830.79,23,Netherlands,United Kingdom,DATA EXPIRED,Dutch,"English, Dutch",United Kingdom,Male,DATA EXPIRED
41,692.631,29,Netherlands,Netherlands,Full-Time,Dutch,"Dutch, English, Spanish",Netherlands,Male,No
38,851.887,19,Belgium,Belgium,Unemployed (and job seeking),Dutch,"English, Dutch",Belgium,Male,No
37,1070.47,20,Belgium,Belgium,Other,Dutch,"Dutch, English",Belgium,Female,Yes
52,1477.374,37,Belgium,Belgium,Other,French,"Dutch, English, French",Belgium,Male,No
51,1980.888,40,Belgium,Belgium,Full-Time,Dutch,"Dutch, English, French",Belgium,Male,No
48,2520.217,21,Sint Maarten (Dutch part),Netherlands,Other,English,"English, Dutch, Spanish",Sint Maarten (Dutch part),Female,Yes
49,1016.576,53,Netherlands,Netherlands,Full-Time,Dutch,"English, Dutch, German",Netherlands,Male,No
46,4687.212,34,Korea,Belgium,Unemployed (and job seeking),Korean,"Korean, English, Dutch",Korea,Female,No
45,855.359,27,Netherlands,Netherlands,Full-Time,Dutch,"English, Dutch",Netherlands,Male,No
60,455.809,26,Netherlands,Netherlands,Full-Time,Dutch,"Dutch, English",Netherlands,Female,No
57,946.512,37,Netherlands,Netherlands,Full-Time,Dutch,"Dutch, English",Netherlands,Male,DATA EXPIRED
58,1004.63,33,Belgium,United Kingdom,Full-Time,Dutch,"Dutch, English",Belgium,Male,No
56,1220.839,39,Netherlands,Netherlands,Full-Time,Dutch,Dutch,Netherlands,Female,DATA EXPIRED
55,1308.639,22,Belgium,Belgium,Full-Time,Dutch,Dutch,Belgium,Female,No
66,1982.425,36,Hong Kong,Belgium,"Not in paid work (e.g. homemaker', 'retired or disabled)",Cantonese,"Dutch, English, French, Cantonese",Belgium,Female,No
65,507.541,24,Belgium,Belgium,DATA EXPIRED,Dutch,"French, Dutch, English",Belgium,Male,DATA EXPIRED
67,616.929,23,Netherlands,Netherlands,DATA EXPIRED,Dutch,"Dutch, English",Netherlands,Female,DATA EXPIRED
63,518.608,31,Belgium,Belgium,DATA EXPIRED,Dutch,"Dutch, English",Belgium,Male,DATA EXPIRED
64,621.22,25,Belgium,Belgium,Full-Time,Dutch,"Dutch, English, French, German",Belgium,Male,No
62,1349.31,42,Netherlands,Netherlands,Full-Time,Dutch,"English, Dutch",Netherlands,Male,No
61,1926.529,21,Netherlands,Netherlands,DATA EXPIRED,Dutch,"Dutch, English",Netherlands,Male,No
76,2223.759,21,Netherlands,Netherlands,Part-Time,Dutch,"Dutch, English",Netherlands,Female,No
75,946.42,19,Netherlands,Netherlands,Part-Time,Dutch,"Dutch, English",Netherlands,Male,Yes
74,561.738,26,Netherlands,Netherlands,Other,Dutch,"Dutch, English",Netherlands,Male,Yes
73,1235.637,18,Netherlands,Netherlands,Unemployed (and job seeking),Dutch,"Arabic, English, Dutch",Netherlands,Male,Yes
72,1228.715,24,Netherlands,Netherlands,Unemployed (and job seeking),Dutch,"Dutch, English",Netherlands,Male,Yes
70,1120.931,27,Spain,Spain,Full-Time,English,"English, Spanish, Dutch",Spain,Male,No
81,1403.686,33,Belgium,Belgium,Full-Time,Dutch,"Dutch, English, French, German",Belgium,Male,No
69,1420.866,21,Netherlands,Netherlands,Part-Time,Dutch,"English, Dutch",Netherlands,Male,Yes
82,971.203,25,Netherlands,Belgium,Full-Time,Dutch,"Dutch, English",Netherlands,Female,Yes
80,529.041,28,Belgium,Belgium,Unemployed (and job seeking),Dutch,"English, Dutch",Belgium,Male,Yes
78,883.471,36,Netherlands,Netherlands,Full-Time,Dutch,"Dutch, English",Netherlands,Male,Yes
79,1408.023,30,Belgium,Belgium,Full-Time,Dutch,"Dutch, English",Belgium,Female,Yes
77,997.475,29,Belgium,Belgium,Full-Time,Dutch,"Dutch, English, French",Belgium,Female,DATA EXPIRED
92,1150.816,26,Netherlands,Netherlands,Part-Time,Dutch,"Dutch, English, Swedish",Netherlands,Female,No
90,389.9,26,Netherlands,Netherlands,DATA EXPIRED,Dutch,"Dutch, English",Netherlands,Female,DATA EXPIRED
88,672.344,37,Belgium,Belgium,DATA EXPIRED,Dutch,"Dutch, English, French",Belgium,Female,DATA EXPIRED
87,1307.643,22,Netherlands,United Kingdom,Unemployed (and job seeking),Dutch,"Dutch, English",Netherlands,Female,Yes
85,576.997,20,Belgium,Belgium,Other,Dutch,"Dutch, English, French",Belgium,Male,Yes
84,745.367,29,Netherlands,Netherlands,Full-Time,Dutch,"Dutch, English",Netherlands,Male,Yes
83,1937.571,27,South Africa,Netherlands,DATA EXPIRED,English,"Afrikaans, Dutch, English, Hindi",South Africa,Male,DATA EXPIRED
99,1756.438,25,Greece,Greece,Unemployed (and job seeking),Greek,"English, French, German, Greek, Italian, Portuguese, Spanish, Swedish, Finnish, Dutch",Greece,Female,Yes
98,2555.135,44,Serbia,Netherlands,Other,Serbian,"Serbian, Dutch, English, Croatian",Netherlands,Female,No
94,1451.136,35,South Africa,South Africa,Full-Time,English,"Afrikaans, English, Dutch",South Africa,Female,Yes
97,776.353,19,Belgium,Belgium,Full-Time,Dutch,"Dutch, English",Belgium,Male,Yes
96,5137.176,26,Belgium,Belgium,Full-Time,Dutch,"Dutch, English",Belgium,Male,DATA EXPIRED
95,716.107,20,Netherlands,Netherlands,Full-Time,Dutch,"Dutch, English, German",Netherlands,Male,Yes
93,555.633,49,Netherlands,Spain,DATA EXPIRED,Dutch,"Dutch, English, Spanish",Netherlands,Male,DATA EXPIRED
107,1415.171,26,Netherlands,Netherlands,DATA EXPIRED,English,"English, Dutch",Netherlands,Male,DATA EXPIRED
105,538.224,33,Belgium,Belgium,DATA EXPIRED,Dutch,"Dutch, English",Belgium,Male,DATA EXPIRED
104,1499.177,23,Netherlands,Netherlands,Full-Time,Dutch,"Dutch, English",Netherlands,Male,No
102,858.451,27,Netherlands,Netherlands,"Not in paid work (e.g. homemaker', 'retired or disabled)",Dutch,"Dutch, English",Netherlands,Male,No
101,1481.34,28,Switzerland,Belgium,Unemployed (and job seeking),Dutch,"English, Dutch",Belgium,Male,Yes
100,745.619,20,Netherlands,Netherlands,DATA EXPIRED,Dutch,"Dutch, English, Tamil",Netherlands,Male,Yes
114,1105.257,41,South Africa,Spain,Full-Time,English,"Afrikaans, Dutch",Netherlands,Female,No
122,4540.961,39,Netherlands,Spain,Unemployed (and job seeking),Dutch,"Dutch, English, German, Spanish",Germany,Male,No
113,1062.227,30,Belgium,Belgium,Full-Time,Dutch,"English, Dutch, French",Belgium,Male,No
111,1525.591,49,Belgium,Belgium,Full-Time,Dutch,"Dutch, English",Belgium,Male,No
112,2288.812,41,Belgium,Belgium,DATA EXPIRED,Dutch,"Dutch, English, French",Belgium,Male,DATA EXPIRED
110,439.946,37,Belgium,United Kingdom,Other,English,"Dutch, English",Belgium,Female,No
109,727.283,33,Germany,Netherlands,Full-Time,Dutch,"Dutch, English, German",Netherlands,Male,No
108,521.013,25,Netherlands,Netherlands,Full-Time,Dutch,"Dutch, English",Netherlands,Male,No
123,1680.271,37,Netherlands,Netherlands,"Not in paid work (e.g. homemaker', 'retired or disabled)",Dutch,"English, Dutch",Netherlands,Male,No
120,2177.157,20,Pakistan,Netherlands,Unemployed (and job seeking),Urdu,"Dutch, English",Pakistan,Male,Yes
119,2824.7,38,Nigeria,Germany,Full-Time,DATA EXPIRED,"English, German, Dutch",Germany,Male,Yes
118,775.525,23,Netherlands,Netherlands,Part-Time,Dutch,"Dutch, English",Netherlands,Male,Yes
126,1986.104,25,Netherlands,Netherlands,Other,Dutch,"Dutch, English",Netherlands,Female,Yes
117,500.284,21,Belgium,Belgium,DATA EXPIRED,Dutch,"Dutch, English",Belgium,Male,Yes
133,1715.812,21,Netherlands,Netherlands,Full-Time,English,"Dutch, English",Netherlands,Male,No
116,772.193,23,Netherlands,Netherlands,Part-Time,Dutch,"Dutch, German, English",Netherlands,Female,Yes
132,2024.918,40,Belgium,Belgium,"Not in paid work (e.g. homemaker', 'retired or disabled)",Dutch,"Dutch, English, French, German",Belgium,Male,No
130,2347.959,59,Belgium,Belgium,Full-Time,French,"Dutch, English, French",Belgium,Male,No
129,812.294,20,Netherlands,Netherlands,Part-Time,Dutch,"Dutch, English",Netherlands,Female,Yes
139,1250.55,40,Belgium,Belgium,Full-Time,Dutch,"Dutch, English, French",Belgium,Male,No
127,458.79,19,Haiti,Belgium,Other,Dutch,Dutch,Belgium,Male,Yes
140,1498.672,24,Netherlands,Netherlands,Unemployed (and job seeking),Turkish,"Dutch, English, Turkish",Turkey,Male,No
124,1578.948,23,Netherlands,Netherlands,Part-Time,Dutch,"Dutch, English",Netherlands,Female,Yes
138,1188.542,30,Macedonia,Netherlands,Full-Time,Macedonian,"English, Dutch, Macedonian",Netherlands,Female,No
135,1502.823,35,Netherlands,Netherlands,DATA EXPIRED,Dutch,Dutch,Netherlands,Male,No
137,616.049,21,Netherlands,Netherlands,Part-Time,Dutch,"Dutch, English",Netherlands,Male,Yes
134,3315.213,39,India,Netherlands,Full-Time,DATA EXPIRED,"Dutch, English, Hindi",India,Male,No
147,2939.366,60,Netherlands,Netherlands,DATA EXPIRED,Dutch,"Dutch, English, French, German",Netherlands,Female,DATA EXPIRED
148,1378.375,20,Belarus,Poland,Unemployed (and job seeking),Russian,"English, German, Polish, Russian, Dutch",Belarus,Male,Yes
144,836.575,36,Poland,Poland,Full-Time,Polish,"English, Polish, Dutch, Spanish",Poland,Male,No
146,398.745,25,Belgium,Belgium,Full-Time,Dutch,"English, Dutch",Belgium,Female,No
142,1030.279,36,Netherlands,Netherlands,Part-Time,Dutch,Dutch,Netherlands,Female,No
141,1527.138,36,Philippines,United Kingdom,"Not in paid work (e.g. homemaker', 'retired or disabled)",English,"Dutch, English, Tagalog-Filipino",Netherlands,Female,No
155,642.215,28,Belgium,Belgium,Full-Time,Dutch,"Dutch, English",Belgium,Female,No
157,1121.991,33,United Kingdom,United Kingdom,DATA EXPIRED,English,"Dutch, English",United Kingdom,Female,DATA EXPIRED
156,1766.388,36,Poland,Poland,DATA EXPIRED,Polish,"Dutch, Polish, English",Poland,Female,DATA EXPIRED
175,643.18,43,Belgium,Belgium,Part-Time,Dutch,"English, Dutch, French",Belgium,Female,No
153,1098.306,31,Netherlands,Netherlands,Part-Time,Dutch,"Dutch, English, Chinese",Netherlands,Female,No
151,1138.172,37,Netherlands,Netherlands,Full-Time,Dutch,"Dutch, English",Netherlands,Male,No
150,991.839,31,Netherlands,Netherlands,Full-Time,Dutch,"Dutch, German, English",Netherlands,Male,No
167,535.357,43,South Africa,United Kingdom,Full-Time,English,"English, Dutch, Afrikaans",United Kingdom,Female,No
168,915.641,21,Netherlands,Netherlands,DATA EXPIRED,Dutch,"English, Dutch",Netherlands,Male,DATA EXPIRED
149,1213.487,42,Belgium,Netherlands,Full-Time,Dutch,"Dutch, English",Belgium,Male,No
165,2019.999,19,Netherlands,Netherlands,DATA EXPIRED,Dutch,Dutch,Netherlands,Female,Yes
162,1265.962,48,Belgium,Belgium,Full-Time,Dutch,"Dutch, English",Belgium,Male,No
163,1045.123,30,Belgium,Belgium,Full-Time,Dutch,"Dutch, French, German, English",Belgium,Male,No
176,1627.274,41,Hungary,Netherlands,Other,Hungarian,"English, Dutch, German, Hungarian",Hungary,Female,No
160,1046.453,32,Netherlands,Netherlands,Full-Time,Dutch,"Dutch, English",Netherlands,Male,No
158,1053.299,52,Netherlands,Netherlands,DATA EXPIRED,Dutch,"English, Dutch",Netherlands,Female,DATA EXPIRED
174,647.679,29,Belgium,Belgium,Full-Time,Dutch,"English, Dutch",Belgium,Male,No
172,1354.459,54,Netherlands,Norway,Part-Time,Dutch,"Dutch, English, German, Norwegian",Netherlands,Male,No
173,1377.225,24,Greece,Belgium,Full-Time,Dutch,"English, Dutch",Belgium,Female,DATA EXPIRED
170,873.722,20,Greece,Greece,Full-Time,Greek,"Dutch, English, German, Spanish, French",Greece,Female,Yes
185,845.884,26,Belgium,Belgium,Full-Time,Dutch,"English, Dutch",Belgium,Male,No
182,1221.94,20,Belgium,Belgium,Other,Dutch,"Dutch, English, French",Belgium,Male,Yes
181,1731.408,34,Belgium,Belgium,Unemployed (and job seeking),Spanish,"English, Afrikaans, French, Dutch, Spanish",Belgium,Male,DATA EXPIRED
183,556.908,22,Netherlands,Netherlands,DATA EXPIRED,Dutch,"English, Dutch",Netherlands,Female,Yes
179,1191.031,26,Netherlands,Netherlands,Full-Time,Dutch,Dutch,Netherlands,Female,DATA EXPIRED
178,1465.732,23,China,Netherlands,DATA EXPIRED,Dutch,"Dutch, English",Netherlands,Female,Yes
177,1332.789,22,Italy,Italy,Other,Italian,"Italian, English, German, Dutch, Chinese",Italy,Male,Yes
193,2699.681,48,Netherlands,Netherlands,DATA EXPIRED,Dutch,Dutch,Netherlands,Female,DATA EXPIRED
191,932.016,31,Belgium,Belgium,Part-Time,Dutch,"English, Dutch, French",Belgium,Female,Yes
189,1497.311,39,Indonesia,Netherlands,Part-Time,Dutch,"Dutch, English",Belgium,Male,No
190,1060.548,30,Netherlands,Netherlands,Part-Time,Dutch,Dutch,Netherlands,Female,Yes
188,767.707,20,Netherlands,Netherlands,DATA EXPIRED,Dutch,"Dutch, English",Netherlands,Female,DATA EXPIRED
186,788.451,29,Netherlands,Netherlands,Full-Time,Dutch,"Dutch, English",Netherlands,Male,No
200,1250.704,37,Netherlands,Netherlands,Full-Time,Dutch,"Dutch, English",Netherlands,Male,No
199,3134.97,25,Belgium,Belgium,Unemployed (and job seeking),Dutch,"Dutch, English",Belgium,Male,No
198,1460.518,36,Netherlands,Netherlands,Full-Time,Dutch,"Dutch, English",Netherlands,Female,No
197,1077.078,33,Belgium,Belgium,DATA EXPIRED,Dutch,"Dutch, English",Belgium,Male,DATA EXPIRED
196,1066.924,47,Netherlands,Netherlands,Full-Time,Dutch,"English, Dutch",Netherlands,Male,No
194,414.915,19,Netherlands,Netherlands,Part-Time,Dutch,"Dutch, English",Netherlands,Male,No
215,1394.223,24,Belgium,Belgium,Part-Time,Dutch,"Dutch, English, French",Belgium,Female,Yes
204,1478.118,37,Netherlands,Spain,Full-Time,Dutch,"English, Spanish, Dutch",Netherlands,Female,No
207,829.256,20,Netherlands,Netherlands,Part-Time,Dutch,"Dutch, English, German",Netherlands,Male,Yes
206,829.012,28,Netherlands,United States,DATA EXPIRED,Dutch,"Dutch, English",Netherlands,Female,DATA EXPIRED
205,1390.741,24,Greece,Greece,Unemployed (and job seeking),Greek,"Dutch, English, French, Greek, German, Italian, Korean, Portuguese, Romanian, Russian, Serbian, Spanish, Swedish, Turkish, Czech, Croatian, Finnish, Hungarian, Icelandic, Japanese, Macedonian, Maltese, Norwegian, Polish, Scots, Slovak, Slovenian",Greece,Male,Yes
203,799.761,21,Belgium,Belgium,Other,Dutch,"Dutch, English",Belgium,Male,Yes
214,3234.609,46,Netherlands,United Kingdom,Part-Time,English,"Dutch, English",Netherlands,Female,No
211,3426.213,23,Netherlands,Netherlands,Other,Dutch,"Dutch, English",Netherlands,Male,Yes
202,616.504,22,Netherlands,Netherlands,DATA EXPIRED,Dutch,"English, Dutch",Netherlands,Male,DATA EXPIRED
201,1661.199,43,Netherlands,Netherlands,Full-Time,Dutch,"Dutch, English",Netherlands,Male,No
213,657.836,23,Belgium,Belgium,Other,French,"Dutch, English, French",Belgium,Male,Yes
210,1345.343,26,Belgium,Belgium,Other,French,"English, French, Dutch",Belgium,Female,Yes
209,2964.736,22,Belgium,Belgium,Full-Time,Dutch,"Dutch, English",Belgium,Male,No
208,1624.25,32,Netherlands,Netherlands,Full-Time,Dutch,"English, Dutch",Netherlands,Male,No
222,914.342,37,Netherlands,Netherlands,Full-Time,Dutch,"Dutch, English",Netherlands,Male,No
221,833.548,24,Netherlands,Netherlands,Unemployed (and job seeking),Dutch,"Dutch, German, English",Netherlands,Female,Yes
219,2358.814,31,India,Belgium,Due to start a new job within the next month,English,"English, Hindi, Dutch",India,Female,No
220,957.429,22,Netherlands,Netherlands,Unemployed (and job seeking),Dutch,"English, Dutch",Netherlands,Male,Yes
218,951.878,55,Netherlands,United Kingdom,DATA EXPIRED,Dutch,"Dutch, German, English",Netherlands,Male,DATA EXPIRED
230,1571.687,40,Belgium,Belgium,Full-Time,Dutch,"Chinese, Dutch, English, French, German",Belgium,Male,No
217,1216.682,27,Netherlands,Netherlands,DATA EXPIRED,Dutch,"Dutch, English",Netherlands,Male,DATA EXPIRED
227,1340.048,20,Belgium,Belgium,Other,Dutch,"Dutch, English, French",Belgium,Male,Yes
229,1252.333,21,Belgium,Belgium,Other,Dutch,"Dutch, English, French, German",Belgium,Female,Yes
226,587.742,31,Netherlands,Netherlands,Full-Time,Dutch,"Dutch, English",Netherlands,Male,Yes
225,540.505,37,Netherlands,Spain,Full-Time,Dutch,"English, Spanish, Dutch",Netherlands,Male,No
223,1419.278,38,Netherlands,Spain,Full-Time,Dutch,"Dutch, English, Spanish",Netherlands,Female,No
224,579.041,20,Belgium,Belgium,Part-Time,Dutch,"English, Dutch, French",Belgium,Male,Yes
239,672.246,21,Netherlands,Netherlands,Part-Time,Dutch,"Dutch, English",Netherlands,Male,Yes
237,505.655,36,Belgium,Belgium,Full-Time,Dutch,"Dutch, English, French, German",Belgium,Male,No
236,1071.897,30,Netherlands,Netherlands,Full-Time,Dutch,"Dutch, English",Netherlands,Male,No
234,1297.238,21,Netherlands,Netherlands,Part-Time,Dutch,"Dutch, English",Netherlands,Male,Yes
233,228.759,29,Belgium,Belgium,Full-Time,Dutch,"English, Dutch, French",Belgium,Male,No
232,787.603,32,Netherlands,Netherlands,Full-Time,Dutch,"Dutch, English",Netherlands,Female,No
246,477.659,30,Belgium,Belgium,Full-Time,Dutch,"Dutch, English, French, German",Belgium,Female,No
242,313.411,18,Netherlands,Netherlands,Part-Time,Dutch,"Dutch, English",Netherlands,Male,Yes
245,485.359,31,Croatia,Netherlands,DATA EXPIRED,Dutch,"English, Dutch, Croatian, Serbian, German",Netherlands,Male,DATA EXPIRED
244,313.686,21,Netherlands,Netherlands,Other,Dutch,"Dutch, English, German",Netherlands,Female,Yes
240,1255.629,19,Netherlands,Netherlands,Part-Time,Dutch,"English, Dutch",Netherlands,Male,Yes
243,435.335,24,Belgium,Belgium,Full-Time,Dutch,"Dutch, French, English",Belgium,Male,DATA EXPIRED
241,337.01,25,Netherlands,Netherlands,Unemployed (and job seeking),Dutch,"Dutch, English",Netherlands,Male,Yes
235,281.036,22,Netherlands,Netherlands,Full-Time,Dutch,"Dutch, English",Netherlands,Male,Yes
145,692.341,31,Belgium,Belgium,Full-Time,Dutch,"Dutch, English",Belgium,Female,No
212,752.561,43,Netherlands,Netherlands,"Not in paid work (e.g. homemaker', 'retired or disabled)",Dutch,"Dutch, English, French, German",Netherlands,Female,No
22,1202.604,27,Netherlands,Netherlands,DATA EXPIRED,Dutch,"Dutch, English",Netherlands,Male,DATA EXPIRED
91,1520.973,44,Netherlands,Netherlands,Full-Time,Dutch,"Dutch, English",Netherlands,Male,No
154,383.427,20,Belgium,Belgium,Other,Dutch,"Dutch, English",Belgium,Male,Yes
187,720.233,43,Belgium,Belgium,DATA EXPIRED,Dutch,"Dutch, English, French, Spanish",Belgium,Male,DATA EXPIRED
50,1310.369,23,Belgium,Belgium,DATA EXPIRED,Dutch,"Dutch, English",Belgium,Male,DATA EXPIRED
106,684.722,29,Netherlands,Netherlands,Full-Time,Dutch,"English, Dutch",Netherlands,Male,No
180,1525.028,21,Portugal,Portugal,Part-Time,Portuguese,"Catalan, Dutch, English, French, Italian, Portuguese, Spanish, German",Portugal,Male,Yes
19,1853.083,26,Netherlands,Netherlands,Full-Time,Dutch,"Dutch, English",Netherlands,Female,No
86,1366.173,28,Belgium,Belgium,Full-Time,Dutch,"Dutch, English",Belgium,Male,Yes
171,1519.908,22,Netherlands,Netherlands,Part-Time,Dutch,"English, Dutch",Netherlands,Male,Yes
238,1393.692,26,Poland,Poland,Full-Time,Polish,"English, Swedish, Portuguese, Polish, Norwegian, Italian, German, Finnish, French, Dutch, Danish, Czech, Spanish",Poland,Male,No
68,2408.36,21,Netherlands,Netherlands,Part-Time,Dutch,"Dutch, English",Netherlands,Male,Yes
216,691.575,26,Netherlands,Netherlands,Part-Time,Dutch,"Dutch, English",Netherlands,Female,Yes
169,2635.903,40,India,Netherlands,Full-Time,Hindi,"English, Dutch, Hindi",India,Male,Yes
228,571.634,25,Netherlands,Netherlands,Full-Time,Dutch,"Dutch, English, German",Netherlands,Male,No
59,554.501,20,Netherlands,Netherlands,Other,Dutch,"Dutch, English",Netherlands,Male,Yes
14,1530.991,27,Indonesia,Netherlands,Full-Time,Indonesian,"English, Indonesian, Dutch",Indonesia,Male,No
47,437.614,25,Netherlands,Netherlands,Full-Time,Dutch,"Dutch, English",Netherlands,Female,No
30,2779.928,24,Netherlands,Netherlands,"Not in paid work (e.g. homemaker', 'retired or disabled)",Dutch,"Dutch, English",Netherlands,Female,No
184,1458.162,21,Netherlands,Netherlands,Other,Dutch,"Dutch, English",Netherlands,Male,Yes
103,1497.331,28,Netherlands,Netherlands,Full-Time,Dutch,"Spanish, English, Chinese, Dutch, Japanese",Netherlands,Male,DATA EXPIRED
40,721.421,24,Netherlands,Netherlands,Due to start a new job within the next month,Dutch,"Dutch, English",Netherlands,Male,Yes
195,393.668,24,Netherlands,Netherlands,Part-Time,Dutch,"English, Dutch",Netherlands,Male,No
36,1636.341,20,Netherlands,Netherlands,Part-Time,Dutch,"Dutch, English",Netherlands,Male,Yes
159,3529.814,25,Greece,Greece,Unemployed (and job seeking),Greek,"Greek, German, French, Albanian, Czech, Dutch, English, Finnish, Italian, Portuguese, Russian, Spanish, Swedish, Turkish",Greece,Male,Yes
121,1349.267,42,Netherlands,Netherlands,DATA EXPIRED,Dutch,"English, Dutch, French, German",Netherlands,Female,DATA EXPIRED
71,1642.105,19,Belgium,Belgium,Unemployed (and job seeking),Dutch,"Dutch, English",Belgium,Male,Yes
161,1600.914,61,Netherlands,South Africa,Full-Time,Dutch,"English, Dutch, Afrikaans, German",Netherlands,Male,No
152,2376.151,45,Netherlands,Netherlands,Full-Time,Dutch,"Dutch, English, German",Netherlands,Female,No
166,1324.901,43,Belgium,Spain,Other,Spanish,"Dutch, German, French, Spanish, Italian, English",Belgium,Male,No
143,1377.571,32,Netherlands,Netherlands,Full-Time,Dutch,"English, Dutch",Netherlands,Male,No
125,874.748,34,Netherlands,Netherlands,Other,Dutch,"German, Dutch, English",Netherlands,Male,Yes
136,1311.351,20,Netherlands,Netherlands,Part-Time,Dutch,"Dutch, English, German",Netherlands,Male,Yes
115,1733.975,28,Netherlands,Netherlands,DATA EXPIRED,Dutch,"Dutch, English",Netherlands,Male,DATA EXPIRED
4,1159.5,35,Netherlands,Netherlands,Full-Time,Dutch,"Dutch, English",Netherlands,Female,DATA EXPIRED
231,983.487,31,Netherlands,Netherlands,Full-Time,Dutch,"Dutch, English, German",Netherlands,Male,No
54,471.279,22,Belgium,Belgium,Part-Time,Dutch,"Dutch, English",Belgium,Female,Yes
192,1812.633,72,Netherlands,Netherlands,"Not in paid work (e.g. homemaker', 'retired or disabled)",Dutch,"Dutch, English",Netherlands,Male,No
164,2664.616,22,Belgium,Belgium,DATA EXPIRED,Dutch,"English, Dutch",Belgium,Female,No
128,1066.834,38,Netherlands,United States,Full-Time,Dutch,"Dutch, English",Netherlands,Male,No
131,1448.832,23,Netherlands,Netherlands,"Not in paid work (e.g. homemaker', 'retired or disabled)",Dutch,"Dutch, English",Netherlands,Female,Yes
89,1725.005,24,Netherlands,Netherlands,Part-Time,Dutch,"Dutch, English, French, German, Spanish",Netherlands,Female,Yes
53,1111.478,27,Netherlands,Netherlands,Full-Time,Dutch,"Dutch, English",Netherlands,Female,No
35,921.548,24,Netherlands,Netherlands,Part-Time,Dutch,"Dutch, English",Netherlands,Female,Yes
248,2010.773,32,Netherlands,Netherlands,Full-Time,Dutch,Dutch,Netherlands,Male,DATA EXPIRED
2,838139.768,52,Netherlands,Netherlands,Full-Time,Dutch,"Dutch, English",Netherlands,Male,No
252,890.861,,DATA EXPIRED,DATA EXPIRED,DATA EXPIRED,DATA EXPIRED,DATA EXPIRED,DATA EXPIRED,DATA EXPIRED,DATA EXPIRED
251,1112.796,47,Netherlands,Netherlands,Full-Time,Dutch,"English, Dutch",Netherlands,Male,No
250,1321.929,23,Netherlands,Netherlands,DATA EXPIRED,Dutch,"English, Dutch",Netherlands,Male,DATA EXPIRED
249,1423.853,24,Netherlands,Netherlands,Due to start a new job within the next month,Dutch,"Dutch, English",Netherlands,Male,Yes
247,1138.148,34,Belgium,Belgium,Full-Time,Dutch,"Dutch, English",Belgium,Female,No
259,344.87,34,Netherlands,Netherlands,Full-Time,Dutch,"Dutch, English, Hebrew",Netherlands,Female,No
258,725.191,26,Netherlands,Netherlands,Full-Time,Dutch,"Dutch, English",Netherlands,Male,No
257,1353.789,28,Netherlands,Netherlands,Part-Time,Dutch,"Dutch, English",Netherlands,Male,No
256,612.661,31,Netherlands,Netherlands,Full-Time,Dutch,"Dutch, English, Italian, German, Portuguese, Russian, Spanish, French",Netherlands,Male,No
255,788.491,75,Netherlands,United States,"Not in paid work (e.g. homemaker', 'retired or disabled)",Dutch,"Dutch, English",Netherlands,Male,No
254,1110.483,35,Netherlands,Netherlands,Full-Time,Dutch,"English, Dutch",Netherlands,Male,No
253,778.716,25,Iran,Hungary,Unemployed (and job seeking),English,"Chinese, English, Farsi, French, German, Hungarian, Italian, Japanese, Pashto, Portuguese, Russian, Spanish, Mandarin, Punjabi, Gujarati, Arabic, Dutch",Iran,Male,Yes
262,898.267,42,Netherlands,Netherlands,Other,Dutch,"Dutch, English",Netherlands,Male,No
265,529.854,27,Belgium,Belgium,DATA EXPIRED,Dutch,"Dutch, English",Belgium,Male,No
264,607.284,19,Belgium,Belgium,Unemployed (and job seeking),Dutch,"Dutch, English",Belgium,Female,Yes
263,1269.278,19,Netherlands,Netherlands,DATA EXPIRED,Dutch,"English, Dutch",Netherlands,Male,DATA EXPIRED
261,608.201,37,Netherlands,Netherlands,Part-Time,Dutch,"Dutch, English",Netherlands,Male,Yes
260,441.91,24,Netherlands,Netherlands,Unemployed (and job seeking),Dutch,"Dutch, English",Netherlands,Female,Yes
271,1130.901,50,Netherlands,Netherlands,Other,Dutch,Dutch,Netherlands,Female,No
269,865.345,19,Poland,Poland,Unemployed (and job seeking),Polish,"English, Dutch, Polish",Poland,Male,Yes
270,1116.368,42,United Kingdom,United Kingdom,Full-Time,English,"Dutch, English",United Kingdom,Male,No
268,1348.447,20,Netherlands,Netherlands,Unemployed (and job seeking),Dutch,"Dutch, English",Netherlands,Male,Yes
267,1544.806,28,Netherlands,Netherlands,Full-Time,English,"Dutch, English, French",Netherlands,Male,No
266,735.48,24,Netherlands,Netherlands,Part-Time,Dutch,"English, Dutch",Netherlands,Male,Yes
277,2884.604,33,Netherlands,Netherlands,DATA EXPIRED,Dutch,"Dutch, English",Netherlands,Male,DATA EXPIRED
276,1413.079,32,Netherlands,United States,DATA EXPIRED,Dutch,"English, Dutch",Netherlands,Female,DATA EXPIRED
275,1202.838,36,Netherlands,Norway,DATA EXPIRED,Dutch,"Dutch, English, Norwegian, Spanish",Netherlands,Female,DATA EXPIRED
274,769.96,22,Belgium,Belgium,DATA EXPIRED,Dutch,Dutch,Belgium,Female,DATA EXPIRED
273,565.81,20,Netherlands,Netherlands,Part-Time,Dutch,"English, Dutch",Netherlands,Male,Yes
272,2184.183,39,Belgium,United States,DATA EXPIRED,Dutch,"Dutch, English",United States,Female,DATA EXPIRED
283,445.711,24,Netherlands,Netherlands,Part-Time,Dutch,"Dutch, English",Netherlands,Female,Yes
282,1453.28,20,Belgium,Belgium,Other,Dutch,"Dutch, English",Belgium,Male,Yes
281,1185.168,36,Netherlands,Czech Republic,Full-Time,Dutch,"Dutch, English",Netherlands,Male,No
280,743.259,22,Netherlands,Netherlands,"Not in paid work (e.g. homemaker', 'retired or disabled)",Dutch,"Dutch, English",Netherlands,Male,Yes
279,678.964,26,Netherlands,Netherlands,DATA EXPIRED,Dutch,"Dutch, English",Netherlands,Male,DATA EXPIRED
289,1119.403,29,Spain,Belgium,Full-Time,Spanish,"English, Dutch, Spanish",Spain,Female,No
278,968.961,25,Netherlands,Netherlands,DATA EXPIRED,Dutch,"Dutch, English, Spanish",Netherlands,Female,Yes
288,1049.658,30,Netherlands,Netherlands,Full-Time,Dutch,"Dutch, English",Netherlands,Male,No
287,889.307,33,United States,Netherlands,Part-Time,DATA EXPIRED,"English, Dutch",United States,Male,No
294,1215.299,30,Netherlands,Netherlands,Full-Time,Dutch,"Dutch, English, French, German, Swedish, Norwegian, Danish",Netherlands,Male,No
285,2336.762,21,Netherlands,Netherlands,Part-Time,Dutch,"Dutch, English",Netherlands,Male,Yes
286,1421.638,24,Russian Federation,Belgium,Full-Time,Dutch,"Dutch, Russian, English, German, French",Belgium,Female,No
284,1208.082,42,Netherlands,Netherlands,Other,Dutch,"Dutch, English",Netherlands,Female,No
293,699.275,23,Belgium,Belgium,Part-Time,Dutch,"Dutch, English",Belgium,Male,Yes
301,2750.45,22,Curacao,Netherlands,Part-Time,Spanish,"Dutch, English, Spanish, Papiamento",Netherlands,Female,Yes
292,529.485,26,Netherlands,Netherlands,Other,Dutch,"Dutch, English",Netherlands,Male,Yes
291,1304.678,25,Netherlands,Netherlands,Other,Dutch,"Dutch, English, Spanish, German",Netherlands,Male,Yes
290,1255.997,34,Netherlands,Netherlands,DATA EXPIRED,Dutch,"Dutch, English",Netherlands,Male,DATA EXPIRED
300,2125.943,32,Netherlands,Netherlands,Full-Time,Dutch,"Dutch, English",Netherlands,Female,No
299,624.543,21,Netherlands,Netherlands,Full-Time,Dutch,"Dutch, English",Netherlands,Male,Yes
298,1525.253,31,Netherlands,Netherlands,Unemployed (and job seeking),Dutch,"Dutch, English",Netherlands,Male,No
297,730.514,26,Netherlands,Netherlands,DATA EXPIRED,Dutch,"English, Dutch",Netherlands,Female,No
296,1318.612,27,DATA EXPIRED,Netherlands,DATA EXPIRED,Dutch,"English, Dutch, Spanish",Netherlands,Female,DATA EXPIRED
295,1896.836,56,Netherlands,Netherlands,Part-Time,Dutch,"Dutch, English",Netherlands,Female,No
307,734.844,24,Netherlands,Netherlands,DATA EXPIRED,Dutch,"Dutch, English",DATA EXPIRED,DATA EXPIRED,DATA EXPIRED
306,1413.189,42,France,Spain,Other,Dutch,"English, Dutch, German",Netherlands,Female,No
305,493.319,22,Belgium,Belgium,Unemployed (and job seeking),Dutch,"Chinese, Dutch, English, French, German",Belgium,Female,Yes
304,777.85,25,Belgium,Belgium,DATA EXPIRED,Dutch,"Dutch, English, French",Belgium,Female,DATA EXPIRED
303,1407.929,22,Netherlands,Netherlands,DATA EXPIRED,Dutch,"Dutch, English",Netherlands,Male,DATA EXPIRED
302,542.775,18,Netherlands,Netherlands,Other,Dutch,"Dutch, English",Netherlands,Male,Yes
309,1235.941,22,Netherlands,Spain,Other,Dutch,"Dutch, English, Spanish",Netherlands,Male,Yes
312,721.701,23,Belgium,Belgium,Full-Time,Dutch,"Dutch, English",Belgium,Male,DATA EXPIRED
311,1312.237,20,Netherlands,Netherlands,Full-Time,Dutch,"Dutch, English",Netherlands,Male,Yes
310,1094.43,19,Suriname,Netherlands,Other,Dutch,"Dutch, English",Suriname,Male,Yes
308,1321.706,28,Lithuania,Netherlands,Unemployed (and job seeking),Lithuanian,"English, Lithuanian, Dutch",Lithuania,Male,Yes
318,1148.07,36,Netherlands,Netherlands,DATA EXPIRED,Dutch,"Dutch, English",Netherlands,Male,DATA EXPIRED
317,2442.154,29,Netherlands,Netherlands,DATA EXPIRED,Dutch,"Dutch, English",Netherlands,Male,No
316,768.876,18,Netherlands,Netherlands,"Not in paid work (e.g. homemaker', 'retired or disabled)",Dutch,"French, English, Dutch",Netherlands,Female,Yes
315,719.399,49,Netherlands,Netherlands,Full-Time,Dutch,"English, Dutch",Netherlands,Male,No
314,810.084,21,Netherlands,Netherlands,Part-Time,Dutch,"Dutch, English",Netherlands,Male,Yes
313,1730.065,37,Belgium,Belgium,"Not in paid work (e.g. homemaker', 'retired or disabled)",Dutch,"Dutch, English",Belgium,Male,No
324,845.092,27,Netherlands,Netherlands,Full-Time,Dutch,Dutch,Netherlands,Female,No
323,1187.765,21,Netherlands,Netherlands,Part-Time,Dutch,"English, Dutch",Netherlands,Female,Yes
330,1473.426,30,Belgium,Belgium,Full-Time,Dutch,"English, Dutch, German, French",Belgium,Male,No
322,684.373,29,Netherlands,Netherlands,DATA EXPIRED,Dutch,"Dutch, English",Netherlands,Male,DATA EXPIRED
321,1885.089,19,Netherlands,Netherlands,Part-Time,Dutch,"Dutch, English",Netherlands,Male,Yes
320,720.574,25,Belgium,Belgium,Full-Time,Dutch,"Dutch, English",Belgium,Male,Yes
319,707.599,20,Belgium,Belgium,DATA EXPIRED,Dutch,"English, French, Dutch",Belgium,Female,Yes
329,792.388,31,Netherlands,Canada,Part-Time,Dutch,"Dutch, English",Netherlands,Male,No
328,761.256,21,Netherlands,Netherlands,Full-Time,Dutch,"Dutch, Chinese, English",Netherlands,Female,Yes
334,2368.072,20,Belgium,Belgium,DATA EXPIRED,Armenian,"Armenian, Dutch, English",Armenia,Female,Yes
327,1289.065,47,Netherlands,Netherlands,DATA EXPIRED,Dutch,"English, Dutch",Netherlands,Male,DATA EXPIRED
326,425.117,22,Netherlands,Netherlands,Other,Dutch,Dutch,Netherlands,Female,Yes
325,1101.082,21,Netherlands,Netherlands,Other,Dutch,"Dutch, English",Netherlands,Male,Yes
335,1120.734,50,Belgium,United States,Full-Time,English,"Dutch, English, French",Belgium,Male,No
339,2022.336,25,Netherlands,Netherlands,Part-Time,Dutch,"Dutch, English",Netherlands,Female,No
333,922.33,23,Netherlands,Netherlands,"Not in paid work (e.g. homemaker', 'retired or disabled)",Dutch,"Dutch, English",Netherlands,Female,No
332,1055.686,25,Belgium,Belgium,Full-Time,Dutch,"English, Dutch",Belgium,Male,No
331,340.87,28,Netherlands,United Kingdom,Part-Time,Dutch,"Dutch, English",Netherlands,Male,Yes
342,1441.085,23,Belgium,Belgium,DATA EXPIRED,Dutch,"English, Dutch",Belgium,Male,DATA EXPIRED
341,799.404,22,Netherlands,Netherlands,Other,Dutch,"Dutch, English",Netherlands,Male,Yes
340,2240.957,32,United Kingdom,United Kingdom,Full-Time,English,"English, Dutch, French, German, Italian, Chinese",United Kingdom,Male,No
338,1240.301,44,Netherlands,Belgium,Part-Time,Dutch,"English, Dutch",Netherlands,Female,No
337,427.507,22,Netherlands,Netherlands,DATA EXPIRED,Dutch,"Dutch, English",Netherlands,Male,DATA EXPIRED
336,455.185,22,Netherlands,Netherlands,Other,Dutch,"Dutch, English",Netherlands,Male,Yes
348,598.35,27,Belgium,Belgium,Full-Time,Dutch,"Dutch, English, French",Belgium,Male,No
347,688.018,32,Netherlands,Netherlands,Full-Time,Dutch,"Dutch, English",Netherlands,Female,No
344,712.221,25,Netherlands,United Kingdom,Unemployed (and job seeking),Dutch,"English, Dutch, German",Netherlands,Female,No
346,690.518,25,Netherlands,Netherlands,DATA EXPIRED,Dutch,"Dutch, English",Netherlands,Male,No
345,999.851,31,Belgium,Belgium,Full-Time,Dutch,"Dutch, English, French, German",Belgium,Female,No
343,630.988,26,Netherlands,Netherlands,Part-Time,Dutch,"English, Dutch",Netherlands,Female,Yes
354,663.582,22,Netherlands,Netherlands,Part-Time,Dutch,"Dutch, English",Netherlands,Male,Yes
353,513.435,26,United Kingdom,Netherlands,DATA EXPIRED,Dutch,"English, Dutch",Netherlands,Male,No
352,908.998,20,Netherlands,Netherlands,DATA EXPIRED,Dutch,"English, Dutch",Netherlands,DATA EXPIRED,DATA EXPIRED
351,1085.045,44,Netherlands,Netherlands,Part-Time,Dutch,"Dutch, English, German",Netherlands,Female,No
350,675.374,24,Belgium,Belgium,Full-Time,Dutch,"Dutch, English, French",Belgium,Male,No
349,1799.552,29,Belgium,Belgium,Full-Time,Dutch,"Dutch, English",Belgium,Male,No
359,1047.016,39,Netherlands,Netherlands,Part-Time,Dutch,"English, Dutch",Netherlands,Female,No
358,1277.335,33,Belgium,Belgium,Full-Time,Dutch,"Dutch, English",Belgium,Male,No
357,1829.473,26,Netherlands,Netherlands,DATA EXPIRED,Dutch,"Dutch, English",Netherlands,Female,DATA EXPIRED
356,1899.548,19,Netherlands,Netherlands,DATA EXPIRED,Dutch,Dutch,Netherlands,Male,DATA EXPIRED
355,476.468,1,Netherlands,Netherlands,DATA EXPIRED,Dutch,"Dutch, English",Netherlands,Male,DATA EXPIRED
363,2605.195,27,Netherlands,Netherlands,Part-Time,Dutch,"Dutch, English",Netherlands,Female,Yes
362,1742.445,21,Netherlands,Netherlands,Part-Time,Dutch,"Dutch, English, German",Netherlands,Male,Yes
361,1075.608,28,Netherlands,Netherlands,Part-Time,Dutch,"Dutch, English",Netherlands,Female,No
360,1101.998,25,Netherlands,Netherlands,Other,Dutch,"English, Dutch",Netherlands,Male,Yes
370,4793354.29146,22,Belgium,Belgium,Other,Dutch,"Dutch, English",Belgium,Male,Yes
369,1298.898,42,Netherlands,Netherlands,DATA EXPIRED,Dutch,"Dutch, English, German, French",Netherlands,Male,DATA EXPIRED
368,1901.76,42,Netherlands,Netherlands,Full-Time,Dutch,"Dutch, English",Netherlands,Female,No
367,664.96,19,Netherlands,Netherlands,Part-Time,Dutch,"Dutch, English",Netherlands,Female,Yes
366,636.405,23,Netherlands,Netherlands,Unemployed (and job seeking),Dutch,"Dutch, English",Netherlands,Male,Yes
365,707.947,23,Netherlands,Netherlands,Part-Time,Dutch,"English, Dutch",Netherlands,Female,Yes
364,1471.546,23,Mexico,Mexico,Part-Time,Spanish,"English, Dutch, Spanish",Mexico,Male,No
377,937.651,20,Netherlands,Netherlands,DATA EXPIRED,Dutch,Dutch,Netherlands,Male,Yes
376,1668.806,37,Netherlands,Netherlands,Full-Time,Dutch,Dutch,Netherlands,Male,No
375,823.66,32,Belgium,Belgium,DATA EXPIRED,Dutch,"Dutch, English, French",Belgium,Male,DATA EXPIRED
374,910.289,27,Netherlands,Netherlands,Full-Time,Dutch,"Dutch, English",Netherlands,Male,Yes
373,1001.004,21,Netherlands,Netherlands,Unemployed (and job seeking),Dutch,"Dutch, English",Netherlands,Female,No
372,1826.45,31,Netherlands,United Kingdom,DATA EXPIRED,Dutch,"Dutch, English",Netherlands,Male,DATA EXPIRED
371,1453.399,32,Netherlands,Netherlands,Full-Time,Dutch,"Dutch, English, Afrikaans, Arabic",Netherlands,Male,No
384,3318.444,23,Netherlands,Netherlands,Unemployed (and job seeking),Dutch,"Dutch, English, Turkish",Turkey,Male,Yes
383,670.873,20,Netherlands,Netherlands,DATA EXPIRED,Chinese,"Chinese, Dutch, English",Netherlands,Male,Yes
382,1103.308,28,Netherlands,Netherlands,"Not in paid work (e.g. homemaker', 'retired or disabled)",Dutch,"Dutch, English",Netherlands,Female,No
381,1307.693,42,Netherlands,New Zealand,"Not in paid work (e.g. homemaker', 'retired or disabled)",Dutch,"English, Dutch, German, French, Spanish, Danish",Netherlands,Male,No
380,3155.76,27,Netherlands,Netherlands,"Not in paid work (e.g. homemaker', 'retired or disabled)",Dutch,"English, Dutch",Netherlands,Male,Yes
379,494.364,28,Netherlands,Korea,Full-Time,Dutch,"Dutch, German, Korean, English",Netherlands,Male,Yes
378,786.679,30,Netherlands,Netherlands,Part-Time,Dutch,"English, Dutch",Netherlands,Female,Yes
390,701.44,23,Netherlands,Netherlands,Other,Dutch,"Dutch, English",Netherlands,Male,Yes
389,2178.149,32,Belgium,Belgium,DATA EXPIRED,Dutch,"English, Dutch",Belgium,Male,DATA EXPIRED
388,760.132,30,Netherlands,Netherlands,Part-Time,Dutch,"English, Dutch",Netherlands,Female,No
387,490.234,35,Netherlands,Netherlands,Part-Time,Dutch,"English, German, Dutch",Netherlands,Male,No
386,1331.926,,DATA EXPIRED,DATA EXPIRED,DATA EXPIRED,DATA EXPIRED,DATA EXPIRED,DATA EXPIRED,DATA EXPIRED,DATA EXPIRED
385,606.003,38,Netherlands,Netherlands,DATA EXPIRED,Dutch,"Dutch, English",Netherlands,Male,DATA EXPIRED
397,1659.008,42,Netherlands,Netherlands,DATA EXPIRED,Dutch,"Dutch, English",Netherlands,Female,DATA EXPIRED
396,1071.229,46,Netherlands,Netherlands,DATA EXPIRED,Dutch,"English, Dutch",Netherlands,Male,DATA EXPIRED
395,934.171,30,Belgium,Belgium,Full-Time,Dutch,"English, Dutch, French",Belgium,Male,No
394,1414.451,25,Netherlands,Netherlands,Full-Time,Dutch,"English, Dutch",Netherlands,Female,No
393,430.543,46,Suriname,Netherlands,Other,Dutch,"Dutch, English",Netherlands,Male,No
392,1292.968,28,Belgium,Belgium,Full-Time,Dutch,"English, Dutch, French",Belgium,Male,No
391,2555.013,64,United Kingdom,United Kingdom,DATA EXPIRED,English,"Dutch, English",United Kingdom,Female,DATA EXPIRED
398,1491.913,33,Netherlands,Ireland,Part-Time,Dutch,"Dutch, English",Netherlands,Female,No
412,3661.245,34,Ireland,Netherlands,Full-Time,DATA EXPIRED,"English, Dutch",Ireland,Female,No
411,711.036,30,Netherlands,Netherlands,Full-Time,Dutch,"Dutch, English",Netherlands,Male,No
409,361.154,33,Netherlands,Netherlands,Full-Time,Dutch,"English, Dutch",Netherlands,Male,No
407,1662.186,20,Belgium,Belgium,Other,Dutch,"Dutch, English, French",Belgium,Male,Yes
406,573.075,32,Netherlands,Netherlands,Part-Time,Dutch,"Dutch, English",Netherlands,Female,No
405,721.181,23,Netherlands,Netherlands,Part-Time,Dutch,"Dutch, English",Netherlands,Female,Yes
404,1781.931,18,Netherlands,Netherlands,Part-Time,Dutch,"Dutch, English",Netherlands,Female,No
401,1418.013,29,Netherlands,United Kingdom,Full-Time,Dutch,"Dutch, English",Netherlands,Male,DATA EXPIRED
402,4680.443,30,Netherlands,Portugal,Full-Time,Dutch,"Dutch, German, English",Netherlands,Male,No
399,965.396,31,Belgium,United Kingdom,Full-Time,Dutch,"Chinese, Dutch, English, French, Italian",Belgium,Male,No
400,1812.132,19,Belgium,Belgium,Other,Dutch,"Dutch, English",Belgium,Female,Yes
410,3250.694,21,Spain,Belgium,DATA EXPIRED,Dutch,"Dutch, English, French, Italian",Spain,Female,Yes
403,1273.848,25,Netherlands,Netherlands,Part-Time,Dutch,"English, Dutch",Netherlands,Female,Yes
408,492.373,24,United Kingdom,United Kingdom,Other,English,"Dutch, English",United Kingdom,Female,Yes
