extract_id,omstreden,niet_omstreden,weet_ik_niet,bad_ocr,num_annotators,%_agree
gemengd_H99,0,7,0,0,7,100
berber_H98,0,2,1,4,7,57
indo-europeaan_H97,2,3,2,0,7,43
halfbloed_H96,6,0,1,0,7,86
moslim_H95,0,7,0,0,7,100
primitief_H94,1,6,0,0,7,86
historisch_H93,0,7,0,0,7,100
bediende_H92,0,7,0,0,7,100
eskimo_H91,7,0,0,0,7,100
indo-europeaan_H90,0,4,3,0,7,57
kaukasisch_H9,2,4,0,0,6,67
neger_H89,6,1,0,0,7,86
achtergrond_H88,0,7,0,0,7,100
knecht_H87,1,6,0,0,7,86
inuit_H86,1,3,0,3,7,43
gemengd_H85,0,7,0,0,7,100
aziatisch_H84,0,7,0,0,7,100
stam_H83,2,5,0,0,7,71
marron_H82,2,1,4,0,7,57
historisch_H81,0,7,0,0,7,100
inheems_H80,5,1,1,0,7,71
slaaf_H8,5,1,0,0,6,83
marron_H79,2,1,4,0,7,57
achtergrond_H78,0,7,0,0,7,100
neger_H77,6,0,0,1,7,86
aziatisch_H76,0,5,0,2,7,71
neger_H75,7,0,0,0,7,100
neger_H74,7,0,0,0,7,100
dwerggroei_H73,2,5,0,0,7,71
inheems_H72,6,1,0,0,7,86
jakarta_H71,0,7,0,0,7,100
gemengd_H70,0,7,0,0,7,100
zigeuner_H7,5,0,1,0,6,83
historisch_H69,0,7,0,0,7,100
lilliputter_H68,3,1,3,0,7,43
dwerg_H67,4,2,1,0,7,57
mesties_H66,3,1,3,0,7,43
dwerggroei_H65,1,6,0,0,7,86
indisch_H64,0,5,2,0,7,71
moslim_H63,1,6,0,0,7,86
moslim_H62,1,6,0,0,7,86
indo-europeaan_H61,2,2,2,1,7,29
primitief_H60,6,0,1,0,7,86
moslim_H6,0,6,0,0,6,100
indo-europeaan_H59,0,3,4,0,7,57
indisch_H58,1,5,1,0,7,71
blank_H57,2,5,0,0,7,71
kaffer_H56,7,0,0,0,7,100
baboe_H55,5,0,2,0,7,71
inheems_H54,5,1,1,0,7,71
indo_H53,0,3,0,4,7,57
eskimo_H52,7,0,0,0,7,100
berber_H51,0,6,1,0,7,86
trans_H50,0,6,1,0,7,86
afkomst_H5,1,5,0,0,6,83
handicap_H49,0,6,0,0,6,100
zigeuner_H48,5,1,0,0,6,83
achtergrond_H47,0,6,0,0,6,100
pygmee_H46,3,2,1,0,6,50
marron_H45,1,3,1,1,6,50
marron_H44,1,3,1,1,6,50
mesties_H43,3,3,0,0,6,50
ontdekken_H42,0,6,0,0,6,100
jakarta_H41,2,4,0,0,6,67
aziatisch_H40,0,5,0,1,6,83
aziatisch_H4,0,6,0,0,6,100
roma_H39,0,4,1,1,6,67
traditioneel_H38,0,6,0,0,6,100
traditionele_H37,0,6,0,0,6,100
jakarta_H36,0,5,1,0,6,83
marron_H35,1,2,1,2,6,33
blank_H34,0,6,0,0,6,100
slaaf_H33,6,0,0,0,6,100
zigeuner_H32,5,1,0,0,6,83
roots_H31,0,6,0,0,6,100
gekleurd_H30,0,6,0,0,6,100
marron_H3,2,2,2,0,6,33
volbloed_H29,4,2,0,0,6,67
moslim_H28,2,3,1,0,6,50
trans_H27,0,4,0,2,6,67
gay_H26,0,1,1,4,6,67
zimbabwe_H25,0,6,0,0,6,100
gemengd_H24,1,4,0,1,6,67
jakarta_H23,1,4,1,0,6,67
blank_H22,4,1,1,0,6,67
birma_H21,2,3,1,0,6,50
inboorling_H20,4,1,1,0,6,67
indiaan_H2,5,1,0,0,6,83
historisch_H19,0,5,1,0,6,83
kaffer_H18,4,0,2,0,6,67
roma_H17,0,5,1,0,6,83
gemengd_H16,0,5,1,0,6,83
metis_H15,2,1,1,2,6,33
knecht_H149,4,2,1,0,7,57
mongool_H148,2,3,2,0,7,43
aziatisch_H147,0,7,0,0,7,100
islamiet_H146,1,5,1,0,7,71
moslim_H145,0,6,0,1,7,86
gemengd_H144,0,7,0,0,7,100
marron_H143,0,6,1,0,7,86
knecht_H142,2,5,0,0,7,71
traditionele_H141,0,7,0,0,7,100
gemengd_H140,0,7,0,0,7,100
indo-europeaan_H14,1,4,0,1,6,67
hottentot_H139,5,2,0,0,7,71
batavia_H138,0,6,1,0,7,86
eskimo_H137,6,0,1,0,7,86
pygmee_H136,4,2,1,0,7,57
moslim_H135,1,6,0,0,7,86
gay_H134,0,7,0,0,7,100
marron_H133,2,2,3,0,7,43
aziatisch_H132,1,6,0,0,7,86
dwerg_H131,5,1,1,0,7,71
roma_H130,0,1,1,5,7,71
metis_H13,1,2,3,0,6,50
zimbabwe_H129,0,7,0,0,7,100
medicijnman_H128,0,5,2,0,7,71
exotisch_H127,0,7,0,0,7,100
marron_H126,1,0,3,3,7,43
knecht_H125,4,2,0,1,7,57
slaaf_H124,2,3,2,0,7,43
historisch_H123,0,7,0,0,7,100
mesties_H122,0,3,1,3,7,43
ras_H121,4,3,0,0,7,57
achtergrond_H120,0,7,0,0,7,100
inheems_H12,3,3,0,0,6,50
dwerg_H119,7,0,0,0,7,100
moslim_H118,0,7,0,0,7,100
gemengd_H117,0,7,0,0,7,100
aziatisch_H116,0,7,0,0,7,100
inheems_H115,1,6,0,0,7,86
achtergrond_H114,0,3,0,4,7,57
indo-europeaan_H113,3,3,1,0,7,43
baboe_H112,3,2,2,0,7,43
gemengd_H111,0,5,2,0,7,71
indisch_H110,0,7,0,0,7,100
achtergrond_H11,0,6,0,0,6,100
achtergrond_H109,0,7,0,0,7,100
moslim_H108,0,6,1,0,7,86
indo_H107,0,6,1,0,7,86
inheems_H106,0,2,0,5,7,71
batavia_H105,0,7,0,0,7,100
berber_H104,2,4,1,0,7,57
jakarta_H103,0,5,0,2,7,71
zwartje_H102,4,0,1,2,7,57
zigeuner_H101,6,1,0,0,7,86
barbaren_H100,4,3,0,0,7,57
zimbabwe_H10,0,6,0,0,6,100
zimbabwe_H1,0,6,0,0,6,100
historisch_H0,0,4,0,2,6,67
gemengd_c4,6,397,11,2,416,95
dwerg_c3,231,140,42,3,416,56
achtergrond_c2,14,394,7,1,416,95
neger_c1,388,21,6,1,416,93
kaffer_c0,143,94,168,11,416,40
aziatisch_2849,0,1,0,0,1,100
muzelman_2848,0,0,1,0,1,100
handicap_2847,0,1,0,0,1,100
marron_2846,0,0,1,0,1,100
afgod_2845,0,1,0,0,1,100
traditionele_2844,0,1,0,0,1,100
eskimo_2843,1,0,0,0,1,100
afkomst_2842,0,0,1,0,1,100
aziatisch_2840,0,1,0,0,1,100
marron_2839,0,1,0,0,1,100
gekleurd_2838,0,1,0,0,1,100
inheems_2837,0,1,0,0,1,100
medicijnman_2836,0,0,1,0,1,100
marron_2835,0,1,0,0,1,100
historisch_2834,0,1,0,0,1,100
inheems_2833,0,1,0,0,1,100
bediende_2832,0,1,0,0,1,100
historisch_2831,0,1,0,0,1,100
achtergrond_2830,0,1,0,0,1,100
inheems_2829,0,1,0,0,1,100
achtergrond_2828,0,1,0,0,1,100
mesties_2827,0,0,0,1,1,100
historisch_2826,0,1,0,0,1,100
hottentot_2825,0,0,1,0,1,100
moslim_2824,0,0,1,0,1,100
slavenschip_2822,0,1,0,0,1,100
negerslaven_2821,1,0,0,0,1,100
medicijnman_2820,0,0,1,0,1,100
gemengd_2819,0,1,0,0,1,100
mulat_2818,0,0,1,0,1,100
kaukasisch_2817,0,0,1,0,1,100
afgod_2816,0,1,0,0,1,100
inuit_2815,0,1,0,0,1,100
indiaan_2814,1,0,0,0,1,100
inheems_2813,0,1,0,0,1,100
kaffer_2812,0,0,1,0,1,100
knecht_2810,0,1,0,0,1,100
moslim_2809,0,1,0,0,1,100
zwartje_2808,0,1,0,0,1,100
aziatisch_2807,0,1,0,0,1,100
aziatisch_2806,0,1,0,0,1,100
traditionele_2804,0,1,0,0,1,100
marron_2803,0,1,0,0,1,100
neger_2802,1,0,0,0,1,100
achtergrond_2800,0,1,0,0,1,100
gemengd_2799,0,7,0,0,7,100
afkomst_2797,1,6,0,0,7,86
moslim_2796,0,7,0,0,7,100
moor_2795,3,3,1,0,7,43
aziatisch_2794,0,6,0,1,7,86
dwerg_2792,5,2,0,0,7,71
traditionele_2791,0,7,0,0,7,100
zwartje_2790,5,1,1,0,7,71
muzelman_2789,3,3,1,0,7,43
volbloed_2788,0,2,0,5,7,71
metis_2787,0,2,2,3,7,43
historisch_2786,0,7,0,0,7,100
kaffer_2785,7,0,0,0,7,100
aziatisch_2784,1,6,0,0,7,86
aziatisch_2783,0,7,0,0,7,100
exotisch_2782,1,6,0,0,7,86
zigeuner_2781,5,2,0,0,7,71
wild_2780,0,7,0,0,7,100
historisch_2779,0,7,0,0,7,100
moslim_2777,1,6,0,0,7,86
lilliputter_2776,3,4,0,0,7,57
metis_2775,0,2,3,2,7,43
zigeuner_2772,5,2,0,0,7,71
historisch_2771,0,7,0,0,7,100
moslim_2770,2,5,0,0,7,71
mesties_2769,3,4,0,0,7,57
traditioneel_2768,0,7,0,0,7,100
roots_2767,0,7,0,0,7,100
afgod_2766,0,6,1,0,7,86
achtergrond_2765,0,7,0,0,7,100
moslim_2764,0,7,0,0,7,100
marron_2763,0,4,2,1,7,57
inlander_2762,3,3,0,1,7,43
wild_2761,0,6,1,0,7,86
slaaf_2760,4,3,0,0,7,57
gemengd_2759,1,6,0,0,7,86
lilliputter_2758,4,3,0,0,7,57
misvormden_2757,5,2,0,0,7,71
volbloed_2756,4,3,0,0,7,57
marron_2755,0,5,1,1,7,71
aziatisch_2754,1,6,0,0,7,86
gemengd_2753,0,7,0,0,7,100
moslim_2752,2,5,0,0,7,71
berber_2751,1,5,1,0,7,71
achtergrond_2750,0,7,0,0,7,100
marron_2749,0,5,2,0,7,71
muzelman_2748,1,2,4,0,7,57
historisch_2747,0,6,1,0,7,86
bediende_2746,3,4,0,0,7,57
barbaar_2744,3,4,0,0,7,57
marron_2743,0,1,1,5,7,71
traditionele_2742,0,6,1,0,7,86
stam_2741,0,6,1,0,7,86
kaukasisch_2740,0,5,1,1,7,71
slaaf_2739,5,2,0,0,7,71
onbeschaafd_2738,1,5,1,0,7,71
moslim_2737,1,5,1,0,7,71
negerslaven_2736,6,1,0,0,7,86
barbaren_2735,1,6,0,0,7,86
queer_2733,3,3,1,0,7,43
slaven_2732,4,3,0,0,7,57
inheems_2731,0,7,0,0,7,100
ras_2730,3,4,0,0,7,57
barbaren_2729,2,5,0,0,7,71
mongool_2728,2,5,0,0,7,71
moslim_2727,2,5,0,0,7,71
inheems_2726,0,7,0,0,7,100
afgod_2725,1,5,0,1,7,71
achtergrond_2724,0,7,0,0,7,100
slaaf_2722,3,4,0,0,7,57
marron_2721,0,5,2,0,7,71
marron_2720,0,4,1,2,7,57
indo-europeaan_2719,2,4,1,0,7,57
achtergrond_2718,0,7,0,0,7,100
aziatisch_2717,0,7,0,0,7,100
page_2716,0,6,1,0,7,86
westers_2715,0,6,0,1,7,86
historisch_2714,0,7,0,0,7,100
gemengd_2713,0,6,1,0,7,86
indo_2712,4,0,1,2,7,57
barbaren_2711,0,4,0,3,7,57
marron_2710,2,3,2,0,7,43
koppensneller_2709,5,2,0,0,7,71
gemengd_2708,0,4,0,3,7,57
pygmee_2707,0,4,2,1,7,57
inlander_2706,2,4,1,0,7,57
gekleurd_2705,0,7,0,0,7,100
achtergrond_2704,0,7,0,0,7,100
gemengd_2701,0,7,0,0,7,100
queer_2700,0,5,0,2,7,71
exotisch_2699,0,7,0,0,7,100
moslim_2698,0,7,0,0,7,100
aziatisch_2697,0,1,1,5,7,71
koppensneller_2696,4,2,1,0,7,57
traditionele_2695,0,7,0,0,7,100
metis_2694,0,6,1,0,7,86
onbeschaafd_2693,1,2,0,4,7,57
inlandsche_2692,0,5,0,2,7,71
blank_2691,0,1,1,5,7,71
pygmee_2690,1,3,3,0,7,43
aziatisch_2689,0,7,0,0,7,100
wild_2688,0,7,0,0,7,100
mulat_2687,1,1,5,0,7,71
gemengd_2686,0,5,1,1,7,71
achtergrond_2685,0,7,0,0,7,100
inheems_2684,0,1,0,6,7,86
inboorling_2682,5,1,1,0,7,71
aziatisch_2681,0,6,1,0,7,86
wild_2680,0,6,0,1,7,86
traditionele_2679,0,6,1,0,7,86
mulat_2678,0,1,4,2,7,57
homo_2676,0,0,0,7,7,100
aziatisch_2675,0,2,0,5,7,71
achtergrond_2674,0,6,1,0,7,86
traditionele_2673,0,7,0,0,7,100
kokkie_2672,0,2,5,0,7,71
historisch_2671,0,7,0,0,7,100
gemengd_2670,0,6,0,1,7,86
medicijnman_2669,0,7,0,0,7,100
historisch_2668,0,5,0,2,7,71
bediende_2667,0,7,0,0,7,100
moslim_2666,0,7,0,0,7,100
dwerg_2664,0,7,0,0,7,100
achtergrond_2663,0,6,1,0,7,86
koppensneller_2661,3,4,0,0,7,57
lilliputter_2660,5,0,0,2,7,71
primitief_2659,0,1,0,6,7,86
inheems_2658,1,6,0,0,7,86
blank_2657,0,7,0,0,7,100
historisch_2656,1,6,0,0,7,86
exotisch_2655,1,6,0,0,7,86
moslim_2654,1,5,0,1,7,71
baboe_2653,1,2,4,0,7,57
inboorling_2652,5,2,0,0,7,71
barbaren_2651,2,4,1,0,7,57
inheems_2649,1,4,2,0,7,57
dwerg_2648,3,4,0,0,7,57
barbaar_2647,4,3,0,0,7,57
eskimo_2646,3,3,1,0,7,43
page_2645,0,7,0,0,7,100
negerslaven_2644,7,0,0,0,7,100
stam_2643,0,7,0,0,7,100
indiaan_2642,2,4,1,0,7,57
marron_2641,0,4,3,0,7,57
inuit_2640,1,4,2,0,7,57
indo_2639,0,2,2,3,7,43
achtergrond_2638,0,7,0,0,7,100
moslim_2637,0,6,1,0,7,86
hottentot_2636,3,2,2,0,7,43
achtergrond_2635,0,7,0,0,7,100
moslim_2634,0,7,0,0,7,100
marron_2633,0,4,2,1,7,57
achtergrond_2632,0,3,0,4,7,57
slavenschip_2631,3,4,0,0,7,57
handicap_2630,0,5,1,1,7,71
ras_2629,3,4,0,0,7,57
slaven_2628,3,4,0,0,7,57
historisch_2627,0,7,0,0,7,100
gemengd_2625,3,4,0,0,7,57
indo-europeaan_2624,2,4,1,0,7,57
indo_2623,3,1,3,0,7,43
marron_2622,0,4,2,1,7,57
neger_2621,7,0,0,0,7,100
indiaan_2620,2,4,1,0,7,57
marron_2619,2,2,3,0,7,43
inheems_2618,0,7,0,0,7,100
historisch_2617,0,7,0,0,7,100
gemengd_2616,1,5,1,0,7,71
traditioneel_2615,0,6,0,1,7,86
zwartje_2613,4,1,1,1,7,57
onbeschaafd_2612,1,5,0,1,7,71
kokkie_2610,2,2,0,3,7,43
historisch_2609,0,6,0,1,7,86
aziatisch_2608,0,7,0,0,7,100
marron_2606,0,5,0,2,7,71
knecht_2604,2,4,0,1,7,57
indo-europeaan_2603,3,4,0,0,7,57
bediende_2602,1,5,1,0,7,71
roots_2601,0,7,0,0,7,100
gemengd_2600,0,6,1,0,7,86
traditionele_2598,1,6,0,0,7,86
marron_2597,0,4,2,1,7,57
aziatisch_2596,0,6,0,1,7,86
inlandsche_2595,2,4,1,0,7,57
gekleurd_2594,2,4,1,0,7,57
misvormden_2593,2,4,1,0,7,57
ras_2592,1,5,1,0,7,71
mongool_2591,0,6,1,0,7,86
inheems_2590,1,4,1,1,7,57
gemengd_2589,0,7,0,0,7,100
achtergrond_2588,0,6,1,0,7,86
kaffer_2587,4,1,2,0,7,57
ontdekken_2586,0,7,0,0,7,100
bediende_2584,1,6,0,0,7,86
homo_2583,1,3,1,2,7,43
wild_2582,0,6,1,0,7,86
moslim_2581,0,7,0,0,7,100
indisch_2580,0,6,1,0,7,86
historisch_2579,0,6,1,0,7,86
historisch_2578,0,6,1,0,7,86
moslim_2577,1,5,0,1,7,71
inheems_2576,0,6,0,1,7,86
negerrijk_2574,6,0,1,0,7,86
kaffer_2573,1,3,2,1,7,43
aziatisch_2572,1,6,0,0,7,86
hottentot_2570,2,3,2,0,7,43
aziatisch_2569,0,5,1,1,7,71
dwerg_2568,4,0,2,1,7,57
medicijnman_2567,0,6,1,0,7,86
barbaren_2566,0,5,2,0,7,71
moslim_2565,0,7,0,0,7,100
achtergrond_2564,0,7,0,0,7,100
gemengd_2563,1,4,2,0,7,57
handicap_2561,1,4,0,2,7,57
neger_2560,6,1,0,0,7,86
baboe_2559,1,4,2,0,7,57
inlander_2558,1,2,4,0,7,57
achtergrond_2557,0,7,0,0,7,100
historisch_2556,0,7,0,0,7,100
gemengd_2555,1,5,0,1,7,71
indisch_2554,1,6,0,0,7,86
tovenaar_2553,1,6,0,0,7,86
marron_2552,1,4,1,1,7,57
aziatisch_2551,1,6,0,0,7,86
traditionele_2550,0,6,1,0,7,86
zigeuner_2549,1,2,1,0,4,50
indo-europeaan_2548,0,3,1,0,4,75
halfbloed_2547,2,1,1,0,4,50
koelie_2546,1,0,3,0,4,75
ontdekken_2545,0,4,0,0,4,100
gemengd_2544,0,4,0,0,4,100
achtergrond_2543,0,4,0,0,4,100
negerslaven_2542,4,0,0,0,4,100
moslim_2541,0,4,0,0,4,100
koelie_2538,1,0,3,0,4,75
inheems_2537,0,3,1,0,4,75
stam_2536,0,0,0,4,4,100
afkomst_2535,0,4,0,0,4,100
indo_2534,0,3,0,1,4,75
koelie_2533,1,0,3,0,4,75
mongool_2532,0,3,1,0,4,75
aziatisch_2531,0,1,0,3,4,75
neger_2530,3,1,0,0,4,75
indo-europeaan_2529,0,3,1,0,4,75
historisch_2528,0,4,0,0,4,100
negerslaven_2527,4,0,0,0,4,100
gemengd_2524,0,4,0,0,4,100
marron_2523,0,1,3,0,4,75
muzelman_2522,3,0,1,0,4,75
moor_2520,1,1,0,2,4,50
onbeschaafd_2519,0,4,0,0,4,100
achtergrond_2518,0,4,0,0,4,100
inheems_2517,0,3,1,0,4,75
mesties_2516,0,1,3,0,4,75
traditionele_2515,0,4,0,0,4,100
page_2514,0,4,0,0,4,100
achtergrond_2513,0,3,0,1,4,75
marron_2512,0,1,3,0,4,75
historisch_2511,0,3,0,1,4,75
barbaar_2510,1,2,1,0,4,50
queer_2509,0,1,0,3,4,75
marron_2508,0,1,2,1,4,50
moslim_2507,0,2,0,2,4,50
muzelman_2506,3,0,1,0,4,75
aziatisch_2505,0,4,0,0,4,100
historisch_2504,0,4,0,0,4,100
gemengd_2503,0,2,0,2,4,50
traditioneel_2502,0,4,0,0,4,100
blank_2501,1,2,1,0,4,50
hottentot_2500,2,0,0,2,4,50
marron_2499,1,1,1,2,5,40
inheems_2498,0,5,0,0,5,100
indiaan_2497,0,0,1,4,5,80
traditionele_2496,0,4,1,0,5,80
gemengd_2495,0,4,1,0,5,80
aboriginal_2494,0,4,0,1,5,80
metis_2493,1,0,3,1,5,60
moor_2492,0,3,0,2,5,60
aziatisch_2491,0,4,0,1,5,80
inheems_2490,0,2,0,3,5,60
zigeuner_2489,3,1,1,0,5,60
exotisch_2488,2,2,1,0,5,40
moslim_2487,1,2,2,0,5,40
marron_2486,0,4,0,1,5,80
gemengd_2485,0,4,1,0,5,80
achtergrond_2484,0,5,0,0,5,100
gekleurd_2483,0,5,0,0,5,100
traditionele_2482,1,4,0,0,5,80
moslim_2481,1,4,0,0,5,80
inlandsche_2480,1,3,1,0,5,60
lilliputter_2479,3,1,1,0,5,60
islamiet_2478,0,5,0,0,5,100
historisch_2477,0,5,0,0,5,100
barbaar_2476,2,3,0,0,5,60
moslim_2475,1,3,1,0,5,60
achtergrond_2473,0,5,0,0,5,100
aziatisch_2472,0,5,0,0,5,100
koelie_2471,1,0,1,3,5,60
wild_2470,0,5,0,0,5,100
inlandsche_2469,1,3,0,1,5,60
volbloed_2468,1,4,0,0,5,80
aziatisch_2467,0,5,0,0,5,100
slaven_2466,3,2,0,0,5,60
eskimo_2463,2,2,1,0,5,40
afgod_2462,1,4,0,0,5,80
moor_2461,2,0,2,1,5,40
dwerg_2460,2,1,1,1,5,40
primitief_2458,1,0,1,3,5,60
mongool_2457,1,3,1,0,5,60
queer_2456,1,1,0,3,5,60
volbloed_2455,2,3,0,0,5,60
aziatisch_2454,0,5,0,0,5,100
achtergrond_2453,1,4,0,0,5,80
inheems_2452,1,4,0,0,5,80
historisch_2451,0,5,0,0,5,100
indo-europeaan_2449,1,6,0,0,7,86
page_2448,0,6,1,0,7,86
historisch_2447,0,7,0,0,7,100
zwartje_2446,3,0,4,0,7,57
achtergrond_2445,0,7,0,0,7,100
inlandsche_2444,3,3,1,0,7,43
kokkie_2443,2,3,2,0,7,43
traditionele_2441,0,7,0,0,7,100
achtergrond_2440,0,7,0,0,7,100
zigeuner_2439,3,3,1,0,7,43
page_2438,0,6,1,0,7,86
aziatisch_2437,0,7,0,0,7,100
marron_2436,1,2,4,0,7,57
historisch_2435,0,7,0,0,7,100
indisch_2434,1,6,0,0,7,86
baboe_2433,2,3,2,0,7,43
indo-europeaan_2432,3,4,0,0,7,57
westers_2431,0,7,0,0,7,100
mulat_2430,3,1,3,0,7,43
bosneger_2429,7,0,0,0,7,100
gemengd_2428,0,7,0,0,7,100
indo_2427,2,5,0,0,7,71
handicap_2426,0,5,0,2,7,71
kokkie_2425,0,6,1,0,7,86
volbloed_2424,0,7,0,0,7,100
knecht_2423,3,4,0,0,7,57
westers_2422,0,7,0,0,7,100
homo_2421,1,6,0,0,7,86
inheems_2420,0,7,0,0,7,100
historisch_2419,0,7,0,0,7,100
historisch_2417,0,7,0,0,7,100
misvormden_2416,2,5,0,0,7,71
aziatisch_2415,0,6,1,0,7,86
gemengd_2413,0,7,0,0,7,100
inheems_2410,2,5,0,0,7,71
slavenschip_2409,3,3,1,0,7,43
gemengd_2408,0,5,1,1,7,71
koppensneller_2407,2,4,1,0,7,57
inlander_2406,4,3,0,0,7,57
knecht_2405,2,3,1,1,7,43
marron_2404,1,2,3,1,7,43
marron_2403,2,2,3,0,7,43
westers_2402,0,5,0,2,7,71
mongool_2401,2,5,0,0,7,71
achtergrond_2400,0,6,0,1,7,86
achtergrond_2399,0,7,0,0,7,100
gemengd_2398,0,6,0,1,7,86
achtergrond_2397,0,7,0,0,7,100
aziatisch_2396,2,3,0,2,7,43
indisch_2395,0,6,1,0,7,86
afgod_2393,0,4,1,2,7,57
historisch_2392,0,6,1,0,7,86
aziatisch_2391,1,6,0,0,7,86
eskimo_2389,2,5,0,0,7,71
halfbloed_2388,6,1,0,0,7,86
moslim_2387,0,6,0,1,7,86
blank_2386,3,4,0,0,7,57
traditionele_2385,0,7,0,0,7,100
moslim_2384,0,6,1,0,7,86
baboe_2383,0,0,2,5,7,71
neger_2382,7,0,0,0,7,100
hottentot_2381,3,2,2,0,7,43
moslim_2380,0,3,4,0,7,57
slaven_2379,2,5,0,0,7,71
moslim_2378,1,6,0,0,7,86
traditionele_2377,0,7,0,0,7,100
marron_2376,0,1,1,5,7,71
medicijnman_2375,0,6,1,0,7,86
marron_2373,0,2,1,4,7,57
gemengd_2372,0,7,0,0,7,100
blank_2371,0,7,0,0,7,100
zwartje_2370,6,1,0,0,7,86
homo_2369,3,3,1,0,7,43
stam_2368,0,7,0,0,7,100
islamiet_2367,0,5,1,1,7,71
aziatisch_2366,0,7,0,0,7,100
inheems_2365,1,4,0,2,7,57
mulat_2364,3,1,3,0,7,43
gemengd_2363,0,7,0,0,7,100
onbeschaafd_2362,3,4,0,0,7,57
slaaf_2361,3,2,0,2,7,43
ontdekken_2360,0,7,0,0,7,100
boesman_2359,0,3,4,0,7,57
slaaf_2358,1,1,1,4,7,57
moslim_2357,2,5,0,0,7,71
afkomst_2356,0,7,0,0,7,100
slaven_2355,3,4,0,0,7,57
eskimo_2354,3,4,0,0,7,57
roots_2352,0,5,0,2,7,71
inheems_2351,0,5,0,2,7,71
slaven_2349,2,4,1,0,7,57
primitief_2348,0,6,1,0,7,86
aziatisch_2347,0,7,0,0,7,100
berber_2346,2,3,2,0,7,43
lilliputter_2345,3,3,1,0,7,43
inboorling_2344,2,2,3,0,7,43
indo-europeaan_2343,0,6,1,0,7,86
slavenschip_2341,3,3,1,0,7,43
historisch_2339,0,7,0,0,7,100
marron_2338,1,3,3,0,7,43
berber_2337,0,1,0,6,7,86
muzelman_2336,2,2,3,0,7,43
halfbloed_2335,5,0,2,0,7,71
negerrijk_2334,7,0,0,0,7,100
exotisch_2333,0,7,0,0,7,100
neger_2332,7,0,0,0,7,100
halfbloed_2331,5,1,1,0,7,71
indo-europeaan_2330,0,6,1,0,7,86
marron_2329,0,7,0,0,7,100
inheems_2328,0,7,0,0,7,100
mesties_2327,3,1,3,0,7,43
achtergrond_2326,0,7,0,0,7,100
traditionele_2325,0,7,0,0,7,100
inheems_2324,0,7,0,0,7,100
indisch_2323,1,6,0,0,7,86
marron_2322,0,4,3,0,7,57
moor_2321,0,5,1,1,7,71
blank_2320,0,6,1,0,7,86
historisch_2318,0,7,0,0,7,100
barbaar_2317,3,3,1,0,7,43
negerslaven_2316,7,0,0,0,7,100
achtergrond_2315,0,7,0,0,7,100
achtergrond_2314,1,6,0,0,7,86
aziatisch_2313,0,7,0,0,7,100
indo-europeaan_2310,0,6,1,0,7,86
inuit_2309,0,5,0,2,7,71
kaffer_2308,5,2,0,0,7,71
roots_2307,0,7,0,0,7,100
traditionele_2306,0,2,0,5,7,71
traditioneel_2305,0,7,0,0,7,100
koppensneller_2304,2,2,3,0,7,43
aziatisch_2303,0,7,0,0,7,100
historisch_2302,1,6,0,0,7,86
gemengd_2301,0,7,0,0,7,100
marron_2300,0,3,1,3,7,43
achtergrond_2299,0,5,0,0,5,100
aziatisch_2297,0,4,1,0,5,80
afgod_2294,0,4,1,0,5,80
westers_2293,0,4,1,0,5,80
inheems_2292,0,5,0,0,5,100
moslim_2290,1,4,0,0,5,80
achtergrond_2289,0,5,0,0,5,100
gemengd_2288,0,5,0,0,5,100
moor_2287,0,2,3,0,5,60
marron_2286,3,0,2,0,5,60
knecht_2285,0,5,0,0,5,100
afgod_2284,0,5,0,0,5,100
gemengd_2283,0,4,1,0,5,80
inboorling_2282,2,2,0,1,5,40
ontdekken_2281,0,5,0,0,5,100
historisch_2280,0,5,0,0,5,100
aziatisch_2279,0,4,1,0,5,80
misvormden_2278,3,2,0,0,5,60
kaukasisch_2277,0,5,0,0,5,100
queer_2275,1,4,0,0,5,80
koelie_2274,1,1,3,0,5,60
bosneger_2273,5,0,0,0,5,100
kaukasisch_2272,0,5,0,0,5,100
zwartje_2271,1,3,1,0,5,60
historisch_2270,0,5,0,0,5,100
afkomst_2269,0,5,0,0,5,100
gemengd_2268,0,3,0,2,5,60
moslim_2267,2,3,0,0,5,60
gemengd_2266,0,5,0,0,5,100
afgod_2265,0,5,0,0,5,100
mulat_2264,3,0,2,0,5,60
inboorling_2263,2,2,1,0,5,40
inheems_2262,0,2,0,3,5,60
dwerg_2261,0,4,1,0,5,80
indo_2260,0,5,0,0,5,100
westers_2259,0,2,2,1,5,40
moslim_2258,0,3,0,2,5,60
wild_2257,0,5,0,0,5,100
traditionele_2256,0,5,0,0,5,100
marron_2255,0,0,2,3,5,60
moslim_2254,2,3,0,0,5,60
moslim_2253,0,4,0,1,5,80
halfbloed_2252,3,2,0,0,5,60
indiaan_2251,3,2,0,0,5,60
halfbloed_2250,2,3,0,0,5,60
ras_2249,5,2,0,0,7,71
bediende_2248,0,7,0,0,7,100
aziatisch_2247,0,7,0,0,7,100
historisch_2246,0,7,0,0,7,100
misvormden_2245,0,7,0,0,7,100
achtergrond_2244,0,7,0,0,7,100
muzelman_2243,0,2,2,3,7,43
exotisch_2242,1,6,0,0,7,86
inboorling_2240,4,1,2,0,7,57
homo_2239,0,7,0,0,7,100
inheems_2238,0,6,1,0,7,86
indo-europeaan_2237,1,5,1,0,7,71
mongool_2236,5,2,0,0,7,71
historisch_2235,0,7,0,0,7,100
achtergrond_2234,0,7,0,0,7,100
primitief_2233,0,6,1,0,7,86
koelie_2232,1,5,1,0,7,71
inheems_2231,0,6,1,0,7,86
ras_2229,3,4,0,0,7,57
traditionele_2227,0,7,0,0,7,100
marron_2226,0,5,2,0,7,71
handicap_2225,2,4,1,0,7,57
gekleurd_2224,0,7,0,0,7,100
baboe_2223,3,0,4,0,7,57
gemengd_2222,0,4,1,2,7,57
baboe_2221,3,0,4,0,7,57
traditionele_2220,0,7,0,0,7,100
achtergrond_2219,0,7,0,0,7,100
negercultuur_2218,7,0,0,0,7,100
berber_2217,0,6,1,0,7,86
wild_2216,0,7,0,0,7,100
stam_2215,0,6,1,0,7,86
historisch_2214,0,7,0,0,7,100
marron_2213,0,2,3,2,7,43
aziatisch_2212,0,6,1,0,7,86
negerslaven_2211,7,0,0,0,7,100
aziatisch_2210,0,6,0,1,7,86
stam_2209,0,7,0,0,7,100
eskimo_2207,4,2,1,0,7,57
gekleurd_2205,0,7,0,0,7,100
roots_2204,0,7,0,0,7,100
inheems_2203,1,6,0,0,7,86
indo-europeaan_2202,1,4,2,0,7,57
gemengd_2201,1,3,1,2,7,43
traditionele_2200,0,7,0,0,7,100
aboriginal_2199,1,6,0,0,7,86
achtergrond_2198,0,7,0,0,7,100
berber_2197,1,6,0,0,7,86
marron_2196,0,3,4,0,7,57
aziatisch_2195,2,2,0,3,7,43
lilliputter_2194,6,0,1,0,7,86
aziatisch_2193,1,6,0,0,7,86
gemengd_2192,0,7,0,0,7,100
gemengd_2191,1,6,0,0,7,86
islamiet_2190,1,6,0,0,7,86
muzelman_2189,1,2,4,0,7,57
marron_2188,1,2,4,0,7,57
achtergrond_2187,0,7,0,0,7,100
indiaan_2186,2,5,0,0,7,71
volbloed_2185,4,3,0,0,7,57
traditioneel_2184,0,7,0,0,7,100
inlander_2183,3,3,1,0,7,43
knecht_2182,1,6,0,0,7,86
gemengd_2180,0,5,1,1,7,71
marron_2178,0,5,2,0,7,71
moslim_2177,2,5,0,0,7,71
gemengd_2176,0,7,0,0,7,100
aziatisch_2173,0,7,0,0,7,100
onbeschaafd_2172,0,2,0,5,7,71
roots_2171,0,6,1,0,7,86
slaven_2170,7,0,0,0,7,100
indisch_2169,0,7,0,0,7,100
moslim_2168,1,6,0,0,7,86
afkomst_2167,1,6,0,0,7,86
moslim_2166,1,6,0,0,7,86
historisch_2164,0,7,0,0,7,100
boesman_2163,0,4,3,0,7,57
indo-europeaan_2162,1,5,1,0,7,71
ontdekken_2161,2,5,0,0,7,71
traditionele_2160,0,7,0,0,7,100
kaffer_2159,2,2,3,0,7,43
islamiet_2158,0,7,0,0,7,100
barbaren_2157,3,4,0,0,7,57
afgod_2156,0,7,0,0,7,100
historisch_2155,0,7,0,0,7,100
berber_2154,1,6,0,0,7,86
historisch_2153,0,3,0,4,7,57
hottentot_2152,0,5,1,1,7,71
traditioneel_2151,0,7,0,0,7,100
marron_2150,1,0,0,6,7,86
inheems_2149,2,5,0,0,7,71
ras_2148,4,3,0,0,7,57
moslim_2147,2,5,0,0,7,71
historisch_2146,1,5,1,0,7,71
aziatisch_2145,1,5,1,0,7,71
primitief_2144,0,6,1,0,7,86
kaukasisch_2143,1,6,0,0,7,86
gemengd_2142,1,5,1,0,7,71
moslim_2140,1,6,0,0,7,86
pygmee_2139,4,3,0,0,7,57
indo-europeaan_2138,3,4,0,0,7,57
achtergrond_2137,0,7,0,0,7,100
boesman_2136,4,1,2,0,7,57
ontdekken_2135,0,7,0,0,7,100
aziatisch_2134,0,6,1,0,7,86
metis_2133,1,2,4,0,7,57
slaaf_2132,3,4,0,0,7,57
inuit_2131,3,3,0,1,7,43
marron_2130,1,0,3,3,7,43
homo_2129,2,0,1,4,7,57
koppensneller_2128,3,2,2,0,7,43
inlander_2127,4,1,2,0,7,57
achtergrond_2126,0,7,0,0,7,100
page_2125,1,5,1,0,7,71
onbeschaafd_2124,1,6,0,0,7,86
inlandsche_2122,2,3,2,0,7,43
gemengd_2121,0,6,0,1,7,86
historisch_2120,0,7,0,0,7,100
handicap_2119,0,5,1,1,7,71
historisch_2118,0,7,0,0,7,100
barbaar_2117,2,5,0,0,7,71
wild_2116,0,7,0,0,7,100
achtergrond_2115,1,6,0,0,7,86
indo-europeaan_2114,2,4,1,0,7,57
mesties_2113,2,0,5,0,7,71
traditionele_2112,0,7,0,0,7,100
traditionele_2111,0,7,0,0,7,100
inheems_2110,0,6,1,0,7,86
traditionele_2109,0,7,0,0,7,100
inheems_2108,0,7,0,0,7,100
wild_2107,0,7,0,0,7,100
zigeuner_2105,6,1,0,0,7,86
primitief_2103,2,5,0,0,7,71
kaukasisch_2102,1,6,0,0,7,86
pygmee_2100,2,4,1,0,7,57
historisch_2099,0,5,0,0,5,100
hottentot_2098,2,1,2,0,5,40
gemengd_2097,0,5,0,0,5,100
achtergrond_2096,0,5,0,0,5,100
zwartje_2095,4,0,1,0,5,80
indo-europeaan_2093,0,5,0,0,5,100
onbeschaafd_2092,1,3,1,0,5,60
handicap_2091,0,5,0,0,5,100
kokkie_2090,0,3,2,0,5,60
gemengd_2089,0,5,0,0,5,100
historisch_2088,0,5,0,0,5,100
marron_2086,1,2,2,0,5,40
inuit_2085,0,4,1,0,5,80
aziatisch_2084,0,5,0,0,5,100
negerslaven_2083,5,0,0,0,5,100
mesties_2082,1,0,1,3,5,60
marron_2081,0,2,2,1,5,40
marron_2080,0,2,2,1,5,40
slaven_2079,3,2,0,0,5,60
gekleurd_2078,0,5,0,0,5,100
bediende_2077,0,4,1,0,5,80
inheems_2076,1,3,1,0,5,60
medicijnman_2075,1,4,0,0,5,80
inheems_2074,0,2,3,0,5,60
aziatisch_2073,0,5,0,0,5,100
gemengd_2072,0,2,1,2,5,40
moslim_2071,0,4,1,0,5,80
marron_2069,1,2,2,0,5,40
kaukasisch_2068,0,4,1,0,5,80
achtergrond_2067,0,5,0,0,5,100
achtergrond_2066,0,5,0,0,5,100
marron_2064,1,2,2,0,5,40
inheems_2063,0,3,2,0,5,60
medicijnman_2062,1,4,0,0,5,80
eskimo_2061,0,4,0,1,5,80
afkomst_2060,0,5,0,0,5,100
slavenschip_2059,2,3,0,0,5,60
historisch_2058,0,4,1,0,5,80
mulat_2057,2,1,2,0,5,40
indiaan_2056,0,5,0,0,5,100
kaffer_2055,2,2,1,0,5,40
neger_2054,5,0,0,0,5,100
moslim_2053,0,5,0,0,5,100
islamiet_2052,0,5,0,0,5,100
marron_2050,0,2,0,3,5,60
zigeuner_2049,2,2,3,0,7,43
aziatisch_2048,1,5,0,1,7,71
traditionele_2047,0,7,0,0,7,100
inlandsche_2046,0,5,2,0,7,71
kaffer_2044,1,3,3,0,7,43
historisch_2042,1,6,0,0,7,86
moslim_2041,2,5,0,0,7,71
indo-europeaan_2040,1,5,1,0,7,71
achtergrond_2039,0,7,0,0,7,100
inheems_2038,0,5,2,0,7,71
metis_2037,0,4,2,1,7,57
dwerg_2035,0,7,0,0,7,100
moor_2034,0,2,4,1,7,57
lilliputter_2033,4,1,2,0,7,57
traditionele_2032,0,4,0,3,7,57
aziatisch_2031,0,3,0,4,7,57
exotisch_2030,0,5,1,1,7,71
tovenaar_2029,0,6,0,1,7,86
moslim_2028,0,7,0,0,7,100
aziatisch_2027,0,6,1,0,7,86
traditionele_2026,1,6,0,0,7,86
inlander_2025,0,6,1,0,7,86
bosneger_2024,5,0,0,2,7,71
metis_2022,0,2,2,3,7,43
volbloed_2021,1,6,0,0,7,86
knecht_2020,2,4,1,0,7,57
negerslaven_2019,6,0,1,0,7,86
moslim_2018,0,3,1,3,7,43
zwartje_2017,7,0,0,0,7,100
roots_2016,0,6,1,0,7,86
gemengd_2015,0,4,0,3,7,57
gemengd_2014,0,4,2,1,7,57
berber_2013,2,5,0,0,7,71
kokkie_2012,3,2,2,0,7,43
onbeschaafd_2011,1,5,1,0,7,71
traditioneel_2010,0,6,1,0,7,86
mesties_2008,1,0,5,1,7,71
inheems_2007,1,5,0,1,7,71
achtergrond_2006,0,7,0,0,7,100
achtergrond_2005,1,5,0,1,7,71
indo-europeaan_2004,2,4,1,0,7,57
zigeuner_2003,2,3,1,1,7,43
afkomst_2002,2,4,1,0,7,57
slaaf_2001,5,2,0,0,7,71
aziatisch_2000,1,6,0,0,7,86
slaaf_1999,4,2,1,0,7,57
barbaren_1998,3,4,0,0,7,57
gemengd_1996,0,7,0,0,7,100
queer_1995,1,3,3,0,7,43
pygmee_1994,5,1,1,0,7,71
kaukasisch_1992,3,4,0,0,7,57
wild_1991,0,7,0,0,7,100
historisch_1990,0,7,0,0,7,100
mongool_1989,2,5,0,0,7,71
achtergrond_1988,1,5,1,0,7,71
aboriginal_1987,2,5,0,0,7,71
achtergrond_1986,0,6,1,0,7,86
dwerggroei_1985,1,6,0,0,7,86
barbaren_1983,2,3,1,1,7,43
indo-europeaan_1982,4,2,1,0,7,57
achtergrond_1981,0,7,0,0,7,100
tovenaar_1980,0,7,0,0,7,100
pygmee_1979,4,0,3,0,7,57
traditionele_1978,2,5,0,0,7,71
indo-europeaan_1977,3,3,1,0,7,43
queer_1976,1,0,3,3,7,43
aziatisch_1975,0,7,0,0,7,100
inheems_1974,0,7,0,0,7,100
lilliputter_1973,6,1,0,0,7,86
westers_1972,0,4,0,3,7,57
marron_1971,1,4,2,0,7,57
misvormden_1970,3,1,0,3,7,43
koppensneller_1969,1,5,1,0,7,71
inheems_1968,0,7,0,0,7,100
historisch_1967,0,7,0,0,7,100
misvormden_1966,4,2,0,1,7,57
ras_1965,2,3,1,1,7,43
aziatisch_1964,1,6,0,0,7,86
indo_1963,2,5,0,0,7,71
indo-europeaan_1962,3,3,1,0,7,43
historisch_1961,0,6,0,1,7,86
volbloed_1960,2,2,3,0,7,43
negerrijk_1959,7,0,0,0,7,100
bediende_1957,1,5,1,0,7,71
marron_1955,0,5,2,0,7,71
stam_1954,1,6,0,0,7,86
historisch_1953,0,7,0,0,7,100
barbaren_1952,0,7,0,0,7,100
marron_1951,0,1,0,6,7,86
slaaf_1950,3,4,0,0,7,57
onbeschaafd_1949,0,5,0,0,5,100
gemengd_1947,0,5,0,0,5,100
indo-europeaan_1946,0,5,0,0,5,100
gemengd_1945,0,4,0,1,5,80
aziatisch_1944,0,5,0,0,5,100
primitief_1943,1,4,0,0,5,80
historisch_1942,0,5,0,0,5,100
inheems_1941,0,4,1,0,5,80
moslim_1940,0,5,0,0,5,100
koppensneller_1939,1,3,0,1,5,60
marron_1937,1,0,3,1,5,60
muzelman_1936,2,1,2,0,5,40
barbaren_1935,2,3,0,0,5,60
blank_1933,1,4,0,0,5,80
muzelman_1932,2,1,2,0,5,40
negerslaven_1931,5,0,0,0,5,100
moslim_1930,0,4,0,1,5,80
negerslaven_1929,5,0,0,0,5,100
gekleurd_1928,2,3,0,0,5,60
traditionele_1927,0,5,0,0,5,100
moslim_1926,0,5,0,0,5,100
moslim_1924,0,4,0,1,5,80
inboorling_1923,4,1,0,0,5,80
mulat_1922,3,0,2,0,5,60
lilliputter_1921,4,0,0,1,5,80
historisch_1920,0,5,0,0,5,100
exotisch_1919,0,3,0,2,5,60
blank_1918,1,2,0,2,5,40
moslim_1917,0,5,0,0,5,100
inboorling_1916,5,0,0,0,5,100
barbaar_1915,1,4,0,0,5,80
page_1914,0,5,0,0,5,100
koppensneller_1913,1,3,1,0,5,60
gemengd_1911,1,3,0,1,5,60
inheems_1910,0,5,0,0,5,100
dwerg_1909,1,3,1,0,5,60
baboe_1908,2,2,1,0,5,40
bediende_1907,1,4,0,0,5,80
inlander_1906,2,1,2,0,5,40
metis_1905,0,2,0,3,5,60
aziatisch_1904,0,4,0,1,5,80
marron_1903,0,3,0,2,5,60
homo_1902,0,3,0,2,5,60
gemengd_1901,0,3,1,1,5,60
achtergrond_1900,0,5,0,0,5,100
gemengd_1899,1,6,0,0,7,86
knecht_1898,5,1,1,0,7,71
handicap_1897,1,5,1,0,7,71
traditioneel_1896,1,6,0,0,7,86
inlandsche_1895,2,2,2,1,7,29
exotisch_1894,1,6,0,0,7,86
aziatisch_1893,1,5,1,0,7,71
wild_1892,1,5,1,0,7,71
achtergrond_1891,0,2,0,5,7,71
indiaan_1890,4,3,0,0,7,57
gemengd_1889,1,6,0,0,7,86
achtergrond_1888,1,6,0,0,7,86
indo-europeaan_1887,2,5,0,0,7,71
indo_1885,2,4,1,0,7,57
marron_1884,0,2,0,5,7,71
inheems_1883,0,2,0,5,7,71
page_1882,1,6,0,0,7,86
traditionele_1881,1,6,0,0,7,86
zwartje_1880,3,2,2,0,7,43
medicijnman_1879,3,3,1,0,7,43
marron_1878,0,3,2,2,7,43
roots_1877,0,4,0,3,7,57
historisch_1876,1,6,0,0,7,86
inlandsche_1874,4,2,1,0,7,57
stam_1873,0,2,0,5,7,71
slaven_1871,0,2,0,5,7,71
dwerg_1870,4,2,1,0,7,57
pygmee_1869,5,2,0,0,7,71
afgod_1868,1,5,1,0,7,71
aziatisch_1867,1,6,0,0,7,86
aziatisch_1866,1,6,0,0,7,86
traditionele_1865,1,6,0,0,7,86
moslim_1864,1,4,0,2,7,57
inuit_1863,1,5,1,0,7,71
barbaar_1862,2,2,0,3,7,43
traditionele_1861,0,3,0,4,7,57
indo-europeaan_1860,2,5,0,0,7,71
achtergrond_1858,1,6,0,0,7,86
hottentot_1857,3,4,0,0,7,57
inheems_1856,1,5,0,1,7,71
eskimo_1855,4,3,0,0,7,57
indo-europeaan_1854,2,5,0,0,7,71
historisch_1853,0,6,0,1,7,86
mulat_1851,4,3,0,0,7,57
ras_1850,1,4,2,0,7,57
medicijnman_1849,0,5,2,0,7,71
gemengd_1848,1,6,0,0,7,86
inheems_1847,0,6,1,0,7,86
gemengd_1846,0,7,0,0,7,100
marron_1845,0,1,6,0,7,86
gemengd_1844,0,6,1,0,7,86
ontdekken_1843,0,7,0,0,7,100
inlandsche_1842,2,5,0,0,7,71
kaffer_1841,3,0,4,0,7,57
aziatisch_1840,1,6,0,0,7,86
mongool_1839,3,3,1,0,7,43
indiaan_1838,0,7,0,0,7,100
marron_1837,0,0,7,0,7,100
bediende_1836,2,5,0,0,7,71
dwerggroei_1834,1,5,1,0,7,71
misvormden_1833,3,4,0,0,7,57
indisch_1832,0,7,0,0,7,100
aziatisch_1830,1,6,0,0,7,86
achtergrond_1828,0,7,0,0,7,100
marron_1827,0,1,6,0,7,86
indo_1826,3,1,3,0,7,43
barbaren_1825,1,5,1,0,7,71
bediende_1824,2,4,1,0,7,57
handicap_1823,0,6,1,0,7,86
marron_1822,0,2,5,0,7,71
aziatisch_1821,1,5,1,0,7,71
kaffer_1820,3,0,4,0,7,57
historisch_1819,0,7,0,0,7,100
gemengd_1818,0,1,2,4,7,57
marron_1817,0,2,5,0,7,71
indo-europeaan_1816,2,5,0,0,7,71
gekleurd_1815,0,6,1,0,7,86
historisch_1814,0,7,0,0,7,100
achtergrond_1813,0,7,0,0,7,100
moslim_1812,1,6,0,0,7,86
slavenschip_1811,3,3,1,0,7,43
dwerg_1810,3,3,1,0,7,43
baboe_1809,0,2,1,4,7,57
historisch_1808,0,6,1,0,7,86
neger_1807,7,0,0,0,7,100
aapman_1806,7,0,0,0,7,100
indisch_1805,1,5,1,0,7,71
kokkie_1804,2,3,1,1,7,43
ras_1803,2,5,0,0,7,71
moslim_1802,0,7,0,0,7,100
traditionele_1799,0,4,0,3,7,57
inlander_1798,2,4,0,1,7,57
traditioneel_1797,2,5,0,0,7,71
stam_1796,0,6,1,0,7,86
mengras_1795,3,2,2,0,7,43
achtergrond_1794,0,7,0,0,7,100
inheems_1793,0,5,1,1,7,71
traditionele_1792,0,7,0,0,7,100
koelie_1791,3,3,1,0,7,43
blank_1790,2,2,1,2,7,29
indo-europeaan_1789,4,3,0,0,7,57
achtergrond_1788,1,6,0,0,7,86
aziatisch_1787,0,7,0,0,7,100
queer_1786,2,4,1,0,7,57
historisch_1785,1,6,0,0,7,86
homo_1784,2,3,1,1,7,43
neger_1783,7,0,0,0,7,100
moor_1782,1,6,0,0,7,86
gemengd_1780,4,3,0,0,7,57
historisch_1779,0,7,0,0,7,100
aziatisch_1778,0,7,0,0,7,100
moslim_1777,2,4,0,1,7,57
neger_1776,7,0,0,0,7,100
afkomst_1774,0,3,0,4,7,57
indo-europeaan_1773,3,4,0,0,7,57
halfbloed_1771,5,2,0,0,7,71
achtergrond_1770,1,6,0,0,7,86
gemengd_1769,0,6,1,0,7,86
moslim_1768,3,4,0,0,7,57
traditionele_1766,0,6,0,1,7,86
zigeuner_1765,6,1,0,0,7,86
moslim_1764,1,6,0,0,7,86
muzelman_1763,4,2,1,0,7,57
kokkie_1762,1,4,1,1,7,57
koelie_1761,2,2,1,2,7,29
moslim_1760,2,5,0,0,7,71
slaven_1759,3,3,1,0,7,43
mesties_1758,3,0,1,3,7,43
zigeunermuziek_1757,3,4,0,0,7,57
hottentot_1756,3,3,1,0,7,43
inheems_1754,1,4,1,1,7,57
hottentot_1753,4,2,1,0,7,57
ontdekken_1752,0,5,0,2,7,71
mongool_1751,3,4,0,0,7,57
inheems_1750,1,5,0,1,7,71
barbaar_1749,2,3,2,0,7,43
indo-europeaan_1748,0,6,1,0,7,86
zigeuner_1747,3,4,0,0,7,57
dwerg_1746,0,6,0,1,7,86
achtergrond_1745,0,7,0,0,7,100
inheems_1744,1,6,0,0,7,86
historisch_1743,0,6,1,0,7,86
slavenschip_1742,2,4,1,0,7,57
queer_1741,2,5,0,0,7,71
eskimo_1740,4,3,0,0,7,57
marron_1738,0,5,0,2,7,71
inheems_1737,0,7,0,0,7,100
marron_1736,0,7,0,0,7,100
dwerggroei_1735,3,4,0,0,7,57
volbloed_1734,1,5,1,0,7,71
traditionele_1733,0,7,0,0,7,100
achtergrond_1732,0,7,0,0,7,100
historisch_1731,0,6,1,0,7,86
primitief_1730,0,6,1,0,7,86
islamiet_1729,0,6,1,0,7,86
slavenschip_1728,2,4,1,0,7,57
inheems_1727,1,5,1,0,7,71
moor_1726,0,6,1,0,7,86
metis_1724,0,3,3,1,7,43
achtergrond_1723,1,5,1,0,7,71
indo_1722,4,1,2,0,7,57
indo-europeaan_1721,1,5,1,0,7,71
koelie_1720,0,2,2,3,7,43
page_1719,0,6,0,1,7,86
aboriginal_1718,2,5,0,0,7,71
aziatisch_1717,0,7,0,0,7,100
afgod_1716,0,7,0,0,7,100
marron_1714,1,6,0,0,7,86
koelie_1713,4,2,1,0,7,57
moor_1712,2,5,0,0,7,71
gemengd_1711,0,4,2,1,7,57
barbaar_1710,1,6,0,0,7,86
boesman_1709,0,5,2,0,7,71
gekleurd_1707,0,5,1,1,7,71
exotisch_1706,1,5,1,0,7,71
slaven_1705,2,4,1,0,7,57
historisch_1704,0,5,2,0,7,71
dwerggroei_1703,2,4,1,0,7,57
indo-europeaan_1702,3,2,1,1,7,43
aziatisch_1701,1,6,0,0,7,86
volbloed_1699,0,7,0,0,7,100
traditionele_1698,0,7,0,0,7,100
page_1697,0,5,2,0,7,71
knecht_1696,3,4,0,0,7,57
inheems_1695,0,7,0,0,7,100
slaven_1693,3,3,1,0,7,43
historisch_1692,0,7,0,0,7,100
negerrijk_1691,7,0,0,0,7,100
gemengd_1690,0,7,0,0,7,100
koppensneller_1689,2,2,3,0,7,43
homo_1688,1,5,0,1,7,71
historisch_1687,2,4,1,0,7,57
lilliputter_1686,6,1,0,0,7,86
mongool_1685,1,6,0,0,7,86
marron_1684,2,2,3,0,7,43
moslim_1683,1,6,0,0,7,86
aziatisch_1682,1,6,0,0,7,86
bosneger_1681,6,0,1,0,7,86
moslim_1679,1,6,0,0,7,86
zwartje_1678,2,4,1,0,7,57
baboe_1677,2,0,4,1,7,57
gemengd_1676,0,7,0,0,7,100
aziatisch_1675,1,6,0,0,7,86
page_1674,1,4,2,0,7,57
gemengd_1673,1,4,2,0,7,57
moslim_1672,1,6,0,0,7,86
achtergrond_1669,0,7,0,0,7,100
muzelman_1668,5,0,2,0,7,71
traditionele_1667,0,7,0,0,7,100
indo_1666,1,5,1,0,7,71
mulat_1665,3,3,1,0,7,43
indo-europeaan_1664,2,4,1,0,7,57
inheems_1663,0,7,0,0,7,100
indisch_1662,0,7,0,0,7,100
onbeschaafd_1661,2,5,0,0,7,71
knecht_1660,5,2,0,0,7,71
moslim_1659,0,3,0,4,7,57
slavenschip_1658,1,6,0,0,7,86
westers_1657,0,7,0,0,7,100
westers_1656,1,6,0,0,7,86
indiaan_1655,6,1,0,0,7,86
queer_1653,1,5,0,1,7,71
moslim_1652,0,7,0,0,7,100
marron_1651,2,4,1,0,7,57
inlander_1650,1,5,1,0,7,71
blank_1649,2,5,0,0,7,71
afgod_1648,1,5,1,0,7,71
afkomst_1647,0,5,1,1,7,71
aziatisch_1646,1,6,0,0,7,86
slaaf_1645,3,4,0,0,7,57
westers_1644,0,5,0,2,7,71
indo-europeaan_1643,1,4,0,2,7,57
indisch_1642,1,6,0,0,7,86
wild_1641,1,6,0,0,7,86
achtergrond_1639,0,6,1,0,7,86
eskimo_1638,3,4,0,0,7,57
historisch_1637,0,7,0,0,7,100
historisch_1636,0,6,1,0,7,86
traditionele_1635,1,5,0,1,7,71
homo_1634,2,4,0,1,7,57
aziatisch_1633,1,6,0,0,7,86
volbloed_1632,4,2,1,0,7,57
gemengd_1631,0,7,0,0,7,100
marron_1630,0,4,2,1,7,57
zigeuner_1629,0,5,1,1,7,71
inheems_1628,3,4,0,0,7,57
slaaf_1627,3,4,0,0,7,57
afgod_1626,0,5,1,1,7,71
traditionele_1625,0,7,0,0,7,100
indo-europeaan_1624,1,5,1,0,7,71
negerslaven_1623,7,0,0,0,7,100
mongool_1622,1,6,0,0,7,86
mulat_1620,1,1,3,2,7,43
ontdekken_1619,0,6,1,0,7,86
achtergrond_1618,0,7,0,0,7,100
indo-europeaan_1617,2,4,0,1,7,57
aziatisch_1616,0,6,1,0,7,86
hottentot_1615,3,2,2,0,7,43
achtergrond_1614,1,6,0,0,7,86
moslim_1613,2,5,0,0,7,71
stam_1612,0,7,0,0,7,100
neger_1611,6,0,1,0,7,86
gemengd_1610,1,6,0,0,7,86
misvormden_1608,4,2,1,0,7,57
handicap_1607,0,5,0,2,7,71
islamiet_1606,1,6,0,0,7,86
marron_1605,0,6,0,1,7,86
zwartje_1604,7,0,0,0,7,100
inheems_1603,1,4,1,1,7,57
medicijnman_1600,1,6,0,0,7,86
inboorling_1599,5,0,2,0,7,71
misvormden_1597,6,1,0,0,7,86
exotisch_1596,2,5,0,0,7,71
baboe_1595,0,0,5,2,7,71
neger_1594,6,0,1,0,7,86
indo-europeaan_1593,2,4,1,0,7,57
historisch_1592,0,7,0,0,7,100
dwerggroei_1591,3,3,1,0,7,43
indisch_1589,1,6,0,0,7,86
berber_1588,3,3,1,0,7,43
moslim_1587,1,6,0,0,7,86
negercultuur_1586,6,0,1,0,7,86
marron_1585,1,1,3,2,7,43
barbaar_1584,0,1,0,6,7,86
roots_1582,0,2,1,4,7,57
halfbloed_1581,5,2,0,0,7,71
inheems_1580,1,3,0,3,7,43
dwerggroei_1579,4,3,0,0,7,57
halfbloed_1578,5,1,1,0,7,71
blank_1577,4,2,1,0,7,57
lilliputter_1576,5,1,1,0,7,71
marron_1575,0,3,4,0,7,57
marron_1574,0,1,4,2,7,57
aziatisch_1573,2,5,0,0,7,71
gemengd_1572,2,5,0,0,7,71
muzelman_1570,3,1,3,0,7,43
roots_1569,0,4,1,2,7,57
halfbloed_1568,3,2,1,1,7,43
dwerggroei_1567,0,0,1,6,7,86
moslim_1566,4,3,0,0,7,57
marron_1565,0,5,2,0,7,71
achtergrond_1564,0,7,0,0,7,100
primitief_1563,1,6,0,0,7,86
gemengd_1562,0,5,0,2,7,71
berber_1561,2,4,1,0,7,57
gemengd_1560,2,3,1,1,7,43
aziatisch_1559,1,6,0,0,7,86
zigeunermuziek_1558,4,3,0,0,7,57
traditioneel_1557,1,6,0,0,7,86
eskimo_1556,6,1,0,0,7,86
historisch_1555,0,7,0,0,7,100
afgod_1554,1,3,1,2,7,43
historisch_1553,0,7,0,0,7,100
achtergrond_1552,1,6,0,0,7,86
blank_1551,0,7,0,0,7,100
historisch_1549,0,7,0,0,7,100
kaukasisch_1547,1,5,1,0,7,71
traditionele_1546,0,7,0,0,7,100
queer_1543,1,5,1,0,7,71
zigeunermuziek_1542,3,4,0,0,7,57
kaffer_1541,1,3,3,0,7,43
traditionele_1540,0,7,0,0,7,100
inheems_1539,1,5,1,0,7,71
aziatisch_1538,1,6,0,0,7,86
traditionele_1537,0,7,0,0,7,100
aziatisch_1536,1,6,0,0,7,86
indo_1535,0,7,0,0,7,100
moslim_1534,1,4,0,2,7,57
wild_1533,0,7,0,0,7,100
achtergrond_1532,0,7,0,0,7,100
bosneger_1531,7,0,0,0,7,100
achtergrond_1530,0,7,0,0,7,100
aziatisch_1529,1,6,0,0,7,86
boesman_1528,0,3,4,0,7,57
moslim_1527,1,6,0,0,7,86
inboorling_1526,3,4,0,0,7,57
indo-europeaan_1525,0,7,0,0,7,100
gemengd_1524,0,7,0,0,7,100
westers_1523,0,7,0,0,7,100
moor_1522,3,2,2,0,7,43
inuit_1521,1,6,0,0,7,86
dwerg_1520,3,4,0,0,7,57
mesties_1519,0,2,5,0,7,71
indiaan_1518,3,4,0,0,7,57
negerslaven_1517,6,1,0,0,7,86
inheems_1515,3,3,1,0,7,43
moslim_1514,1,6,0,0,7,86
indo-europeaan_1513,0,7,0,0,7,100
halfbloed_1512,2,5,0,0,7,71
afkomst_1510,0,7,0,0,7,100
mulat_1509,3,1,2,1,7,43
achtergrond_1508,0,7,0,0,7,100
koppensneller_1507,1,3,3,0,7,43
traditionele_1506,0,6,0,1,7,86
moor_1505,0,2,2,3,7,43
halfbloed_1504,3,4,0,0,7,57
koelie_1503,0,3,1,3,7,43
afgod_1502,0,7,0,0,7,100
gemengd_1501,0,7,0,0,7,100
zwartje_1500,3,4,0,0,7,57
achtergrond_1499,0,9,0,0,9,100
gekleurd_1498,0,9,0,0,9,100
ras_1496,4,5,0,0,9,56
mongool_1495,3,5,1,0,9,56
westers_1494,1,6,0,2,9,67
knecht_1493,2,5,2,0,9,56
kaukasisch_1492,0,6,3,0,9,67
ontdekken_1491,1,8,0,0,9,89
inboorling_1490,6,1,2,0,9,67
indo-europeaan_1489,3,5,1,0,9,56
marron_1488,1,1,4,3,9,44
historisch_1487,0,9,0,0,9,100
slaven_1485,6,2,0,1,9,67
aziatisch_1483,2,7,0,0,9,78
inheems_1482,1,7,1,0,9,78
gemengd_1481,0,7,2,0,9,78
achtergrond_1480,0,9,0,0,9,100
aziatisch_1479,0,9,0,0,9,100
koelie_1478,2,0,7,0,9,78
inheems_1477,3,5,1,0,9,56
marron_1476,0,3,4,2,9,44
stam_1475,2,7,0,0,9,78
inheems_1474,0,7,2,0,9,78
gekleurd_1473,1,8,0,0,9,89
roots_1472,0,4,1,4,9,44
traditionele_1471,0,8,1,0,9,89
eskimo_1470,7,2,0,0,9,78
marron_1469,0,4,5,0,9,56
ras_1467,0,9,0,0,9,100
homo_1466,2,4,3,0,9,44
dwerggroei_1465,2,4,3,0,9,44
bediende_1464,1,7,1,0,9,78
baboe_1463,3,1,5,0,9,56
historisch_1462,1,8,0,0,9,89
historisch_1461,0,9,0,0,9,100
indo-europeaan_1460,3,5,1,0,9,56
tovenaar_1459,1,8,0,0,9,89
kokkie_1458,0,8,1,0,9,89
moslim_1457,0,8,1,0,9,89
mengras_1456,0,3,3,3,9,33
inboorling_1455,5,2,2,0,9,56
inheems_1454,1,4,0,4,9,44
aapman_1453,5,3,1,0,9,56
inuit_1451,0,4,0,5,9,56
indo-europeaan_1450,3,5,1,0,9,56
muzelman_1449,2,3,3,0,8,38
barbarlje_1448,1,4,3,0,8,50
moslim_1447,0,8,0,0,8,100
moslim_1446,0,8,0,0,8,100
berber_1445,1,6,1,0,8,75
primitief_1444,0,7,1,0,8,88
inlander_1443,4,3,1,0,8,50
historisch_1442,0,8,0,0,8,100
gemengd_1441,0,8,0,0,8,100
dwerggroei_1440,1,7,0,0,8,88
aziatisch_1439,0,8,0,0,8,100
moslim_1438,0,6,0,2,8,75
marron_1437,1,4,3,0,8,50
handicap_1436,4,2,0,2,8,50
indiaan_1435,3,4,0,1,8,50
zigeunermuziek_1434,5,2,0,1,8,62
historisch_1431,0,8,0,0,8,100
traditioneel_1430,1,7,0,0,8,88
achtergrond_1429,0,8,0,0,8,100
baboe_1428,3,1,3,1,8,38
roots_1426,0,7,1,0,8,88
gemengd_1425,1,7,0,0,8,88
moslim_1424,0,8,0,0,8,100
islamiet_1423,3,4,1,0,8,50
berber_1422,1,5,1,1,8,62
slavenschip_1421,6,2,0,0,8,75
stam_1420,0,8,0,0,8,100
achtergrond_1419,0,8,0,0,8,100
traditionele_1418,1,7,0,0,8,88
gemengd_1417,1,7,0,0,8,88
moslim_1416,1,7,0,0,8,88
misvormden_1415,3,3,2,0,8,38
afkomst_1414,0,8,0,0,8,100
gemengd_1413,0,4,3,1,8,50
indisch_1412,1,7,0,0,8,88
aboriginal_1411,0,7,1,0,8,88
barbaren_1410,6,2,0,0,8,75
marron_1408,2,0,1,5,8,62
traditioneel_1407,1,7,0,0,8,88
boesman_1406,0,6,2,0,8,75
medicijnman_1405,1,3,1,3,8,38
aziatisch_1404,0,8,0,0,8,100
exotisch_1403,0,8,0,0,8,100
marron_1402,0,3,3,2,8,38
dwerggroei_1401,0,8,0,0,8,100
aziatisch_1399,1,6,0,0,7,86
moslim_1398,1,6,0,0,7,86
indo-europeaan_1397,5,1,1,0,7,71
traditionele_1396,1,6,0,0,7,86
marron_1395,0,4,2,1,7,57
kaffer_1394,3,0,4,0,7,57
primitief_1393,1,5,1,0,7,71
primitief_1392,2,5,0,0,7,71
zigeuner_1391,6,1,0,0,7,86
historisch_1390,0,7,0,0,7,100
boesman_1389,2,4,1,0,7,57
indo-europeaan_1388,6,0,1,0,7,86
achtergrond_1387,0,7,0,0,7,100
ras_1386,3,1,3,0,7,43
aziatisch_1384,2,5,0,0,7,71
ontdekken_1383,0,7,0,0,7,100
inuit_1382,0,3,2,2,7,43
pygmee_1381,4,3,0,0,7,57
berber_1379,1,6,0,0,7,86
achtergrond_1378,0,7,0,0,7,100
indo-europeaan_1377,5,2,0,0,7,71
gemengd_1376,5,1,1,0,7,71
volbloed_1375,5,2,0,0,7,71
boesman_1374,0,6,1,0,7,86
hottentot_1373,4,1,2,0,7,57
inheems_1372,4,3,0,0,7,57
slaaf_1371,4,3,0,0,7,57
knecht_1370,4,2,1,0,7,57
metis_1369,0,0,2,5,7,71
onbeschaafd_1368,3,2,0,2,7,43
traditionele_1367,0,4,0,3,7,57
homo_1366,7,0,0,0,7,100
traditionele_1365,0,4,0,3,7,57
traditionele_1364,0,7,0,0,7,100
mengras_1362,2,1,4,0,7,57
historisch_1361,0,7,0,0,7,100
historisch_1360,0,7,0,0,7,100
islamiet_1358,3,4,0,0,7,57
inheems_1357,1,6,0,0,7,86
gemengd_1355,3,4,0,0,7,57
lilliputter_1354,6,1,0,0,7,86
tovenaar_1353,1,5,1,0,7,71
inheems_1352,0,7,0,0,7,100
pygmee_1351,1,5,1,0,7,71
handicap_1350,3,3,0,1,7,43
onbeschaafd_1349,2,7,0,0,9,78
wild_1348,0,9,0,0,9,100
aziatisch_1346,0,9,0,0,9,100
achtergrond_1345,0,6,0,3,9,67
marron_1344,2,1,2,4,9,44
wild_1343,0,9,0,0,9,100
afkomst_1342,0,9,0,0,9,100
indo-europeaan_1341,3,5,1,0,9,56
page_1340,0,8,0,1,9,89
inuit_1339,0,8,1,0,9,89
inheems_1338,1,5,0,3,9,56
mesties_1337,3,1,5,0,9,56
achtergrond_1336,0,9,0,0,9,100
marron_1335,1,0,1,7,9,78
ontdekken_1334,0,8,1,0,9,89
lesbisch_1333,1,6,1,1,9,67
inheems_1332,2,6,1,0,9,67
inheems_1331,0,4,1,4,9,44
inlandsche_1330,2,5,2,0,9,56
dwerggroei_1329,0,9,0,0,9,100
marron_1328,1,0,1,7,9,78
achtergrond_1326,0,9,0,0,9,100
boesman_1325,4,3,2,0,9,44
gemengd_1324,0,9,0,0,9,100
barbaar_1323,3,6,0,0,9,67
islamiet_1322,0,9,0,0,9,100
hottentot_1321,4,1,4,0,9,44
dwerggroei_1319,0,9,0,0,9,100
aziatisch_1317,0,9,0,0,9,100
koppensneller_1316,3,4,2,0,9,44
historisch_1315,0,9,0,0,9,100
historisch_1314,0,9,0,0,9,100
kaffer_1313,3,0,0,6,9,67
gekleurd_1312,0,9,0,0,9,100
kaukasisch_1311,2,6,1,0,9,67
historisch_1310,0,9,0,0,9,100
inheems_1309,3,6,0,0,9,67
zwartje_1308,4,3,2,0,9,44
inlander_1307,2,4,3,0,9,44
kaukasisch_1305,3,6,0,0,9,67
marron_1304,2,1,2,4,9,44
indo-europeaan_1303,2,7,0,0,9,78
kaukasisch_1302,1,7,1,0,9,78
mulat_1301,6,1,2,0,9,67
gemengd_1300,0,4,0,5,9,56
marron_1299,0,4,3,0,7,57
aziatisch_1298,1,6,0,0,7,86
inlander_1297,1,5,1,0,7,71
mesties_1296,3,2,2,0,7,43
historisch_1295,0,6,1,0,7,86
roots_1293,0,5,2,0,7,71
inheems_1292,0,5,1,1,7,71
negerslaven_1291,7,0,0,0,7,100
achtergrond_1289,0,7,0,0,7,100
moor_1288,0,3,3,1,7,43
metis_1287,0,3,2,2,7,43
mengras_1286,1,4,1,1,7,57
slavenschip_1285,4,3,0,0,7,57
indiaan_1284,4,2,1,0,7,57
inheems_1283,1,5,1,0,7,71
marron_1282,0,1,1,5,7,71
medicijnman_1281,1,6,0,0,7,86
zwartje_1280,4,1,2,0,7,57
knecht_1279,1,3,3,0,7,43
onbeschaafd_1277,2,3,2,0,7,43
dwerggroei_1276,2,3,2,0,7,43
indo-europeaan_1275,2,4,1,0,7,57
moslim_1274,0,3,3,1,7,43
traditionele_1273,0,6,1,0,7,86
moslim_1272,0,6,1,0,7,86
moslim_1271,1,4,1,1,7,57
neger_1270,7,0,0,0,7,100
metis_1269,0,1,2,4,7,57
mesties_1268,0,3,2,2,7,43
zigeuner_1267,4,2,1,0,7,57
gemengd_1266,0,7,0,0,7,100
gemengd_1265,3,4,0,0,7,57
kokkie_1264,0,2,2,3,7,43
handicap_1263,1,5,1,0,7,71
moslim_1262,0,4,3,0,7,57
bediende_1261,1,5,1,0,7,71
bosneger_1260,7,0,0,0,7,100
aziatisch_1259,1,6,0,0,7,86
inheems_1257,0,4,0,3,7,57
moslim_1256,1,4,2,0,7,57
afkomst_1255,0,6,1,0,7,86
exotisch_1254,1,5,1,0,7,71
traditionele_1252,0,7,0,0,7,100
medicijnman_1251,0,6,1,0,7,86
eskimo_1250,3,4,0,0,7,57
queer_1249,1,1,0,5,7,71
barbaren_1248,3,3,1,0,7,43
traditionele_1247,1,6,0,0,7,86
lilliputter_1246,6,1,0,0,7,86
aziatisch_1245,1,5,0,1,7,71
kokkie_1244,1,2,3,1,7,43
tovenaar_1243,0,4,0,3,7,57
lilliputter_1242,6,1,0,0,7,86
onbeschaafd_1241,3,2,2,0,7,43
westers_1240,0,6,0,1,7,86
pygmee_1239,1,3,3,0,7,43
slaaf_1238,1,6,0,0,7,86
indo-europeaan_1237,3,3,1,0,7,43
traditioneel_1235,1,5,1,0,7,71
marron_1234,0,2,2,3,7,43
achtergrond_1233,1,6,0,0,7,86
bediende_1232,1,5,1,0,7,71
inheems_1231,1,5,1,0,7,71
aboriginal_1230,1,5,0,1,7,71
historisch_1229,1,5,0,1,7,71
mongool_1228,3,3,1,0,7,43
dwerg_1227,4,3,0,0,7,57
barbaren_1226,3,4,0,0,7,57
moslim_1225,1,6,0,0,7,86
koppensneller_1224,2,5,0,0,7,71
aziatisch_1223,0,7,0,0,7,100
achtergrond_1222,2,5,0,0,7,71
aziatisch_1221,1,6,0,0,7,86
zigeuner_1220,4,2,1,0,7,57
historisch_1219,1,6,0,0,7,86
berber_1218,1,5,1,0,7,71
achtergrond_1217,2,5,0,0,7,71
marron_1216,0,0,1,6,7,86
volbloed_1214,2,4,0,1,7,57
kaffer_1213,4,2,1,0,7,57
indo-europeaan_1212,1,5,1,0,7,71
gemengd_1209,2,5,0,0,7,71
traditionele_1207,0,6,0,1,7,86
gemengd_1206,0,4,0,3,7,57
volbloed_1205,3,4,0,0,7,57
traditionele_1204,0,6,1,0,7,86
indo-europeaan_1203,1,5,1,0,7,71
slaven_1202,3,4,0,0,7,57
negerslaven_1201,5,1,1,0,7,71
slaaf_1200,2,3,0,2,7,43
inlandsche_1199,1,7,0,0,8,88
tovenaar_1198,0,6,1,1,8,75
lesbisch_1197,1,7,0,0,8,88
kaukasisch_1196,2,6,0,0,8,75
historisch_1195,1,7,0,0,8,88
aziatisch_1194,1,7,0,0,8,88
gekleurd_1193,0,7,0,1,8,88
barbaren_1192,5,3,0,0,8,62
achtergrond_1191,1,7,0,0,8,88
historisch_1190,1,7,0,0,8,88
negerrijk_1189,8,0,0,0,8,100
primitief_1188,0,7,1,0,8,88
achtergrond_1187,0,7,1,0,8,88
inboorling_1186,6,2,0,0,8,75
marron_1184,1,5,1,1,8,62
stam_1182,1,6,1,0,8,75
mulat_1181,3,0,1,4,8,50
inheems_1179,2,5,1,0,8,62
gemengd_1177,1,7,0,0,8,88
inlander_1176,6,2,0,0,8,75
lilliputter_1175,5,2,1,0,8,62
slaaf_1174,3,3,0,2,8,38
marron_1173,0,6,2,0,8,75
inheems_1172,0,8,0,0,8,100
gemengd_1171,0,4,0,4,8,50
pygmee_1170,4,4,0,0,8,50
moslim_1168,1,7,0,0,8,88
moslim_1167,2,6,0,0,8,75
blank_1166,1,7,0,0,8,88
dwerggroei_1165,1,7,0,0,8,88
blank_1164,3,4,0,1,8,50
indo_1163,2,5,1,0,8,62
exotisch_1162,2,5,1,0,8,62
page_1161,0,2,4,2,8,50
barbaar_1160,4,4,0,0,8,50
historisch_1159,0,8,0,0,8,100
indo-europeaan_1158,1,6,1,0,8,75
queer_1157,0,3,1,4,8,50
marron_1156,6,0,2,0,8,75
inlandsche_1155,4,1,3,0,8,50
zigeunermuziek_1154,4,4,0,0,8,50
ras_1153,2,6,0,0,8,75
dwerggroei_1152,1,5,0,2,8,62
pygmee_1151,6,1,1,0,8,75
gemengd_1150,0,3,1,4,8,50
dwerggroei_1149,1,7,1,0,9,78
koppensneller_1148,4,3,2,0,9,44
inheems_1147,0,9,0,0,9,100
moslim_1146,1,8,0,0,9,89
inheems_1145,1,6,0,2,9,67
aziatisch_1143,0,8,1,0,9,89
gemengd_1142,0,6,2,1,9,67
homo_1141,1,4,2,2,9,44
bediende_1140,1,8,0,0,9,89
metis_1139,1,1,6,1,9,67
aziatisch_1137,0,8,1,0,9,89
koppensneller_1136,1,5,3,0,9,56
traditionele_1135,0,7,2,0,9,78
inheems_1134,1,8,0,0,9,89
pygmee_1133,2,6,1,0,9,67
moslim_1132,2,7,0,0,9,78
hottentot_1131,0,4,4,1,9,44
wild_1130,0,8,1,0,9,89
inheems_1129,2,7,0,0,9,78
indo-europeaan_1128,1,8,0,0,9,89
ras_1127,2,4,0,3,9,44
achtergrond_1126,1,8,0,0,9,89
aziatisch_1125,0,9,0,0,9,100
tovenaar_1124,0,8,0,1,9,89
mengras_1123,6,2,1,0,9,67
negercultuur_1122,8,1,0,0,9,89
mulat_1121,5,3,1,0,9,56
gemengd_1120,2,7,0,0,9,78
zwartje_1119,7,1,0,1,9,78
moslim_1118,3,6,0,0,9,67
historisch_1117,0,6,0,3,9,67
traditionele_1116,0,9,0,0,9,100
achtergrond_1115,1,8,0,0,9,89
traditionele_1114,1,7,1,0,9,78
dwerg_1113,1,7,1,0,9,78
exotisch_1112,2,7,0,0,9,78
misvormden_1111,4,4,1,0,9,44
stam_1109,1,8,0,0,9,89
medicijnman_1108,0,8,1,0,9,89
barbaren_1107,1,8,0,0,9,89
inuit_1106,0,1,0,8,9,89
indo-europeaan_1105,0,8,1,0,9,89
inboorling_1103,4,5,0,0,9,56
baboe_1101,2,5,2,0,9,56
indo_1100,3,3,2,1,9,33
ontdekken_1099,0,7,0,0,7,100
indo-europeaan_1098,1,5,1,0,7,71
indisch_1097,0,6,1,0,7,86
traditionele_1096,1,6,0,0,7,86
indo-europeaan_1095,0,5,2,0,7,71
negerslaven_1093,5,2,0,0,7,71
inheems_1092,3,4,0,0,7,57
muzelman_1091,3,2,2,0,7,43
baboe_1090,1,2,3,1,7,43
dwerg_1089,2,4,1,0,7,57
dwerg_1088,2,1,0,4,7,57
marron_1087,3,1,3,0,7,43
indo_1085,4,1,2,0,7,57
onbeschaafd_1084,1,0,0,6,7,86
negerslaven_1083,6,1,0,0,7,86
historisch_1082,0,7,0,0,7,100
handicap_1081,0,7,0,0,7,100
achtergrond_1080,0,6,0,1,7,86
page_1079,0,7,0,0,7,100
gemengd_1078,1,4,2,0,7,57
historisch_1077,1,6,0,0,7,86
kaffer_1076,3,0,4,0,7,57
misvormden_1075,6,1,0,0,7,86
eskimo_1074,2,5,0,0,7,71
inheems_1073,3,3,1,0,7,43
achtergrond_1071,1,6,0,0,7,86
marron_1070,2,1,4,0,7,57
kaffer_1069,3,1,1,2,7,43
aziatisch_1068,1,6,0,0,7,86
indiaan_1067,3,3,1,0,7,43
roots_1066,0,5,1,1,7,71
aziatisch_1065,0,7,0,0,7,100
indiaan_1064,4,3,0,0,7,57
aziatisch_1063,0,7,0,0,7,100
traditionele_1062,0,6,1,0,7,86
marron_1061,2,2,3,0,7,43
bediende_1060,1,4,1,1,7,57
historisch_1059,0,6,0,1,7,86
barbaar_1058,1,5,1,0,7,71
traditioneel_1056,0,7,0,0,7,100
knecht_1055,0,6,0,1,7,86
achtergrond_1053,0,7,0,0,7,100
handicap_1052,0,2,1,4,7,57
neger_1051,7,0,0,0,7,100
moslim_1050,1,5,1,0,7,71
dwerggroei_1049,1,11,0,0,12,92
gekleurd_1048,2,6,3,1,12,50
marron_1047,1,2,4,5,12,42
lesbisch_1046,4,6,1,1,12,50
gemengd_1045,0,11,0,1,12,92
traditionele_1044,0,11,1,0,12,92
dwerggroei_1043,3,9,0,0,12,75
kokkie_1042,0,8,4,0,12,67
ras_1041,2,8,2,0,12,67
aziatisch_1039,2,8,2,0,12,67
gemengd_1038,0,7,2,3,12,58
bediende_1037,2,8,1,1,12,67
homo_1036,5,7,0,0,12,58
mongool_1035,4,7,0,1,12,58
marron_1034,0,6,6,0,12,50
koelie_1033,8,2,2,0,12,67
achtergrond_1032,1,11,0,0,12,92
indo-europeaan_1031,4,6,2,0,12,50
historisch_1029,1,11,0,0,12,92
inlander_1028,1,10,0,1,12,83
barbaren_1027,5,5,2,0,12,42
slaven_1026,3,9,0,0,12,75
historisch_1025,1,8,1,2,12,67
gemengd_1024,0,8,0,4,12,67
inlandsche_1023,2,8,1,1,12,67
queer_1021,4,8,0,0,12,67
neger_1020,9,2,1,0,12,75
hottentot_1019,6,4,2,0,12,50
medicijnman_1018,1,8,1,2,12,67
inlandsche_1017,1,9,1,1,12,75
neger_1016,10,1,0,1,12,83
marron_1015,1,2,3,6,12,50
aziatisch_1014,4,8,0,0,12,67
marron_1013,0,3,1,8,12,67
gemengd_1012,2,9,1,0,12,75
stam_1011,0,11,1,0,12,92
muzelman_1010,3,5,4,0,12,42
mongool_1009,7,4,1,0,12,58
indisch_1008,1,7,0,4,12,58
inheems_1007,1,2,1,8,12,67
aboriginal_1005,2,8,2,0,12,67
moslim_1003,3,8,1,0,12,67
hottentot_1002,6,3,3,0,12,50
dwerggroei_1001,1,8,1,2,12,67
moslim_1000,4,8,0,0,12,67
koelie_998,3,1,5,0,9,56
eskimo_996,4,4,1,0,9,44
gemengd_995,1,7,1,0,9,78
moslim_994,0,9,0,0,9,100
traditionele_993,0,9,0,0,9,100
moor_992,2,7,0,0,9,78
achtergrond_991,0,9,0,0,9,100
blank_990,0,8,1,0,9,89
traditionele_989,0,7,1,1,9,78
inheems_988,5,4,0,0,9,56
moor_987,4,5,0,0,9,56
inheems_986,4,5,0,0,9,56
aziatisch_985,0,9,0,0,9,100
moslim_984,1,8,0,0,9,89
indo_983,4,4,1,0,9,44
afgod_982,1,8,0,0,9,89
afkomst_981,2,7,0,0,9,78
halfbloed_980,6,2,1,0,9,67
mesties_979,0,2,7,0,9,78
metis_977,1,1,4,3,9,44
inheems_976,3,3,1,2,9,33
barbaar_975,5,4,0,0,9,56
zigeuner_973,8,1,0,0,9,89
historisch_972,0,9,0,0,9,100
traditionele_971,1,8,0,0,9,89
tovenaar_970,0,7,1,1,9,78
page_969,0,7,2,0,9,78
aboriginal_968,5,3,1,0,9,56
indo-europeaan_967,7,2,0,0,9,78
wild_965,0,3,0,6,9,67
inheems_964,4,4,1,0,9,44
koelie_963,3,2,4,0,9,44
moslim_962,1,8,0,0,9,89
gekleurd_961,5,3,1,0,9,56
ontdekken_960,1,8,0,0,9,89
aapman_959,8,1,0,0,9,89
zigeunermuziek_958,5,3,1,0,9,56
traditioneel_957,0,9,0,0,9,100
historisch_956,0,9,0,0,9,100
achtergrond_955,0,9,0,0,9,100
traditionele_954,0,6,1,2,9,67
achtergrond_953,1,8,0,0,9,89
aziatisch_952,1,5,1,2,9,56
inheems_951,2,6,1,0,9,67
indo-europeaan_950,6,3,0,0,9,67
traditionele_949,0,8,0,0,8,100
volbloed_948,1,7,0,0,8,88
inheems_947,1,7,0,0,8,88
lilliputter_946,5,2,1,0,8,62
misvormden_945,5,3,0,0,8,62
page_944,0,5,3,0,8,62
dwerggroei_943,1,6,1,0,8,75
mongool_942,5,2,1,0,8,62
barbaar_941,0,6,2,0,8,75
koelie_938,2,2,4,0,8,50
indisch_937,0,8,0,0,8,100
aziatisch_936,0,7,0,1,8,88
kokkie_935,1,5,2,0,8,62
aziatisch_934,0,8,0,0,8,100
marron_933,0,6,2,0,8,75
queer_932,1,5,0,2,8,62
indo-europeaan_931,1,3,2,2,8,38
zigeuner_930,5,2,1,0,8,62
primitief_929,3,5,0,0,8,62
inheems_928,1,7,0,0,8,88
islamiet_927,2,6,0,0,8,75
indo-europeaan_926,1,4,3,0,8,50
indo_925,1,5,2,0,8,62
lesbisch_924,1,7,0,0,8,88
exotisch_922,4,3,1,0,8,50
aapman_921,6,1,1,0,8,75
historisch_920,0,8,0,0,8,100
marron_919,1,2,0,5,8,62
moor_918,1,5,2,0,8,62
indo-europeaan_917,1,5,2,0,8,62
dwerg_916,6,2,0,0,8,75
slavenschip_915,2,5,1,0,8,62
gemengd_914,1,6,1,0,8,75
inheems_913,0,7,1,0,8,88
marron_912,1,5,1,1,8,62
historisch_911,0,8,0,0,8,100
westers_910,0,8,0,0,8,100
moslim_909,0,8,0,0,8,100
inlandsche_908,1,4,3,0,8,50
zwartje_907,6,1,1,0,8,75
mulat_905,3,2,0,3,8,38
volbloed_904,2,5,0,1,8,62
indiaan_903,6,2,0,0,8,75
achtergrond_902,0,8,0,0,8,100
achtergrond_901,0,7,1,0,8,88
zigeunermuziek_899,4,3,0,0,7,57
historisch_897,1,6,0,0,7,86
westers_896,0,5,1,1,7,71
marron_895,0,3,2,2,7,43
dwerggroei_894,0,6,1,0,7,86
handicap_893,1,6,0,0,7,86
dwerggroei_892,0,7,0,0,7,100
afkomst_891,0,7,0,0,7,100
negerrijk_890,6,0,1,0,7,86
moslim_889,0,7,0,0,7,100
historisch_888,0,6,0,1,7,86
moslim_887,1,6,0,0,7,86
moslim_885,0,7,0,0,7,100
etniciteit_884,0,3,0,4,7,57
baboe_883,0,1,5,1,7,71
achtergrond_882,1,6,0,0,7,86
gemengd_881,0,5,0,2,7,71
aziatisch_880,1,5,1,0,7,71
zigeuner_879,5,2,0,0,7,71
volbloed_878,2,5,0,0,7,71
islamiet_877,1,5,1,0,7,71
kokkie_876,1,3,3,0,7,43
homo_875,0,6,0,1,7,86
mongool_873,1,6,0,0,7,86
achtergrond_872,1,6,0,0,7,86
traditionele_871,0,7,0,0,7,100
gemengd_870,1,6,0,0,7,86
moslim_869,1,6,0,0,7,86
knecht_867,0,7,0,0,7,100
inlander_866,2,3,2,0,7,43
medicijnman_865,1,6,0,0,7,86
mengras_863,3,4,0,0,7,57
aziatisch_862,1,6,0,0,7,86
marron_861,0,1,2,4,7,57
queer_860,0,3,0,4,7,57
gemengd_859,1,6,0,0,7,86
koppensneller_858,2,1,0,4,7,57
knecht_857,1,6,0,0,7,86
page_856,0,5,0,2,7,71
gemengd_855,0,2,0,5,7,71
bosneger_854,5,2,0,0,7,71
slaven_853,1,5,1,0,7,71
moslim_852,0,6,0,1,7,86
westers_851,0,5,1,1,7,71
neger_850,6,0,0,1,7,86
moslim_848,0,6,0,4,10,60
eskimo_846,4,5,1,0,10,50
achtergrond_845,1,8,1,0,10,80
inheems_844,0,10,0,0,10,100
traditionele_843,0,10,0,0,10,100
aziatisch_842,0,6,1,3,10,60
historisch_841,0,5,0,5,10,50
baboe_840,0,2,3,5,10,50
aziatisch_839,0,10,0,0,10,100
slaaf_838,2,7,1,0,10,70
indisch_837,1,8,1,0,10,80
traditionele_836,0,9,1,0,10,90
inheems_835,0,9,1,0,10,90
blank_834,0,8,1,1,10,80
ontdekken_833,0,9,0,1,10,90
gemengd_832,1,5,0,4,10,50
berber_831,0,9,1,0,10,90
negercultuur_830,9,1,0,0,10,90
inheems_829,0,8,0,2,10,80
muzelman_828,5,3,2,0,10,50
barbaar_827,6,4,0,0,10,60
achtergrond_826,0,10,0,0,10,100
historisch_825,0,10,0,0,10,100
blank_824,2,8,0,0,10,80
exotisch_823,0,7,2,1,10,70
indo-europeaan_822,1,7,2,0,10,70
mulat_821,6,1,3,0,10,60
stam_820,0,7,1,2,10,70
halfbloed_819,6,3,1,0,10,60
eskimo_818,4,4,1,1,10,40
traditionele_817,0,10,0,0,10,100
boesman_816,1,6,3,0,10,60
slaaf_815,2,8,0,0,10,80
historisch_811,0,10,0,0,10,100
gemengd_810,0,10,0,0,10,100
traditionele_809,0,10,0,0,10,100
roots_808,0,8,1,1,10,80
halfbloed_807,4,5,0,1,10,50
indo-europeaan_806,1,9,0,0,10,90
slaven_805,3,7,0,0,10,70
inheems_804,0,7,2,1,10,70
hottentot_803,4,4,2,0,10,40
zwartje_802,3,1,4,2,10,40
homo_801,0,10,0,0,10,100
slavenschip_800,2,8,0,0,10,80
roots_799,0,6,1,1,8,75
moor_798,1,3,2,2,8,38
slavenschip_797,5,3,0,0,8,62
inheems_796,2,5,1,0,8,62
onbeschaafd_794,3,2,3,0,8,38
inuit_793,0,5,3,0,8,62
slaven_792,4,2,2,0,8,50
achtergrond_791,1,7,0,0,8,88
achtergrond_790,1,7,0,0,8,88
aziatisch_789,0,8,0,0,8,100
indo_788,2,6,0,0,8,75
historisch_787,1,5,1,1,8,62
historisch_786,0,7,1,0,8,88
primitief_785,3,5,0,0,8,62
indiaan_784,5,2,1,0,8,62
mesties_783,1,3,4,0,8,50
berber_782,0,4,3,1,8,50
westers_781,0,4,0,4,8,50
lesbisch_780,2,3,3,0,8,38
indo-europeaan_779,2,6,0,0,8,75
dwerggroei_778,1,6,1,0,8,75
inheems_775,0,4,1,3,8,50
koppensneller_774,2,4,2,0,8,50
indo-europeaan_773,2,5,1,0,8,62
moor_772,1,6,1,0,8,75
slavenschip_771,4,4,0,0,8,50
marron_770,1,4,1,2,8,50
traditionele_769,0,8,0,0,8,100
marron_768,0,6,2,0,8,75
lilliputter_767,4,2,1,1,8,50
indisch_766,0,5,1,2,8,62
kaffer_765,5,0,3,0,8,62
aziatisch_764,0,7,1,0,8,88
traditioneel_763,0,7,0,1,8,88
marron_762,2,5,1,0,8,62
marron_761,0,2,0,6,8,75
inboorling_760,3,2,3,0,8,38
indo-europeaan_758,2,5,1,0,8,62
neger_757,8,0,0,0,8,100
achtergrond_756,1,5,2,0,8,62
afgod_755,4,3,1,0,8,50
marron_754,1,6,1,0,8,75
halfbloed_753,5,3,0,0,8,62
dwerggroei_752,2,5,1,0,8,62
blank_751,2,5,1,0,8,62
kaukasisch_749,1,5,2,0,8,62
historisch_748,1,7,0,0,8,88
aziatisch_747,1,6,1,0,8,75
dwerg_746,3,3,0,2,8,38
queer_745,2,5,1,0,8,62
ontdekken_744,1,7,0,0,8,88
dwerggroei_743,1,5,2,0,8,62
inheems_742,0,5,0,3,8,62
afkomst_741,0,8,0,0,8,100
dwerggroei_740,1,7,0,0,8,88
mongool_738,3,2,1,2,8,38
inboorling_737,5,1,1,1,8,62
kaukasisch_736,0,7,1,0,8,88
westers_735,0,4,0,4,8,50
negerrijk_734,7,1,0,0,8,88
gemengd_733,0,8,0,0,8,100
inheems_732,1,7,0,0,8,88
traditionele_731,0,8,0,0,8,100
moslim_730,0,7,1,0,8,88
inboorling_729,4,0,3,1,8,50
gemengd_728,0,7,0,1,8,88
gemengd_727,0,8,0,0,8,100
halfbloed_726,5,3,0,0,8,62
aziatisch_724,0,8,0,0,8,100
marron_723,0,0,2,6,8,75
koelie_722,1,1,6,0,8,75
gemengd_721,0,8,0,0,8,100
moslim_720,0,8,0,0,8,100
bosneger_718,6,0,0,2,8,75
afgod_717,1,6,1,0,8,75
marron_716,1,0,1,6,8,75
inheems_714,0,8,0,0,8,100
halfbloed_713,6,2,0,0,8,75
knecht_712,2,6,0,0,8,75
afgod_711,1,6,1,0,8,75
zwartje_710,4,4,0,0,8,50
inuit_709,1,1,0,6,8,75
moslim_708,0,7,1,0,8,88
muzelman_707,2,2,3,1,8,38
moslim_706,1,6,1,0,8,75
baboe_705,0,4,4,0,8,50
negerslaven_703,8,0,0,0,8,100
achtergrond_702,0,7,0,1,8,88
mulat_701,2,3,3,0,8,38
moslim_700,0,6,2,0,8,75
stam_699,0,7,0,1,8,88
traditionele_698,1,7,0,0,8,88
traditionele_697,0,8,0,0,8,100
baboe_696,1,2,4,1,8,50
moslim_695,1,3,0,4,8,50
indo-europeaan_694,3,4,1,0,8,50
achtergrond_693,0,8,0,0,8,100
aziatisch_692,0,7,1,0,8,88
muzelman_691,3,2,2,1,8,38
traditionele_690,0,8,0,0,8,100
gemengd_689,0,5,0,3,8,62
homo_688,4,1,2,1,8,50
berber_687,3,2,2,1,8,38
gekleurd_686,2,6,0,0,8,75
gekleurd_685,1,7,0,0,8,88
exotisch_684,0,8,0,0,8,100
eskimo_683,2,6,0,0,8,75
wild_682,0,7,1,0,8,88
gemengd_681,0,6,0,2,8,75
misvormden_680,5,2,0,1,8,62
zigeunermuziek_679,5,2,1,0,8,62
koelie_678,4,0,3,1,8,50
afgod_677,2,4,2,0,8,50
inheems_676,2,3,2,1,8,38
aziatisch_675,0,7,1,0,8,88
roots_674,0,7,0,1,8,88
ras_673,1,6,0,1,8,75
dwerggroei_672,2,5,1,0,8,62
historisch_671,0,8,0,0,8,100
historisch_670,0,6,2,0,8,75
traditionele_669,0,8,0,0,8,100
indo-europeaan_668,3,4,1,0,8,50
inheems_667,2,5,1,0,8,62
indisch_666,0,7,0,1,8,88
handicap_665,1,5,1,1,8,62
achtergrond_663,0,8,0,0,8,100
roots_662,0,5,1,2,8,62
stam_661,0,4,0,4,8,50
ras_659,0,2,0,6,8,75
inboorling_658,3,1,3,1,8,38
indo-europeaan_657,2,4,1,1,8,50
primitief_655,2,6,0,0,8,75
berber_654,1,5,2,0,8,62
historisch_651,0,8,0,0,8,100
bediende_650,0,8,0,0,8,100
achtergrond_649,0,4,1,2,7,57
aboriginal_648,2,1,0,4,7,57
aziatisch_647,1,6,0,0,7,86
islamiet_646,4,3,0,0,7,57
marron_645,0,6,1,0,7,86
knecht_644,4,3,0,0,7,57
inuit_643,1,1,0,5,7,71
islamiet_642,3,1,0,3,7,43
inheems_641,1,5,0,1,7,71
dwerggroei_640,1,6,0,0,7,86
traditioneel_639,1,6,0,0,7,86
marron_638,0,4,3,0,7,57
traditioneel_637,1,6,0,0,7,86
berber_636,2,2,0,3,7,43
marron_635,0,4,3,0,7,57
gemengd_634,0,7,0,0,7,100
achtergrond_633,0,7,0,0,7,100
negerrijk_632,7,0,0,0,7,100
misvormden_630,5,2,0,0,7,71
wild_629,0,7,0,0,7,100
negercultuur_628,7,0,0,0,7,100
marron_627,0,4,3,0,7,57
traditionele_626,0,7,0,0,7,100
medicijnman_625,2,5,0,0,7,71
indo-europeaan_624,2,4,1,0,7,57
hottentot_622,2,3,1,1,7,43
barbarlje_621,1,1,0,5,7,71
barbaren_619,7,0,0,0,7,100
indo-europeaan_618,2,5,0,0,7,71
kaffer_617,1,2,3,1,7,43
achtergrond_616,0,7,0,0,7,100
inlander_615,1,6,0,0,7,86
islamiet_614,2,4,1,0,7,57
historisch_613,0,7,0,0,7,100
indiaan_611,2,5,0,0,7,71
lilliputter_610,3,2,1,1,7,43
afkomst_608,0,7,0,0,7,100
marron_607,0,6,1,0,7,86
negerslaven_606,7,0,0,0,7,100
historisch_605,0,5,0,2,7,71
inheems_604,1,6,0,0,7,86
ontdekken_603,0,6,1,0,7,86
dwerggroei_602,2,4,0,1,7,57
lesbisch_601,2,4,0,1,7,57
aziatisch_600,0,6,0,1,7,86
inheems_599,1,8,0,1,10,80
primitief_598,2,8,0,0,10,80
koppensneller_597,1,5,4,0,10,50
homo_596,3,2,2,3,10,30
kokkie_595,3,3,4,0,10,40
marron_594,2,1,4,3,10,40
page_593,0,8,1,1,10,80
handicap_592,2,5,1,2,10,50
mesties_591,0,4,5,1,10,50
zigeuner_590,5,5,0,0,10,50
slaaf_589,5,3,2,0,10,50
metis_588,0,4,5,1,10,50
volbloed_587,1,7,1,1,10,70
gemengd_585,0,9,0,1,10,90
boesman_584,0,5,5,0,10,50
barbaar_583,1,8,1,0,10,80
gemengd_582,0,10,0,0,10,100
kaukasisch_581,0,9,1,0,10,90
aziatisch_580,1,9,0,0,10,90
ras_579,0,5,5,0,10,50
marron_578,1,3,4,2,10,40
inheems_577,1,9,0,0,10,90
moslim_576,2,6,2,0,10,60
gemengd_575,0,9,1,0,10,90
historisch_573,0,10,0,0,10,100
moslim_572,2,8,0,0,10,80
moslim_571,1,8,1,0,10,80
afgod_570,2,5,2,1,10,50
moslim_569,0,7,0,3,10,70
moslim_568,1,8,1,0,10,80
aziatisch_566,0,10,0,0,10,100
dwerggroei_565,1,7,2,0,10,70
marron_564,4,3,3,0,10,40
pygmee_562,3,5,2,0,10,50
traditionele_560,1,9,0,0,10,90
ontdekken_559,0,10,0,0,10,100
kaukasisch_558,0,9,1,0,10,90
dwerggroei_557,3,6,1,0,10,60
tovenaar_556,0,10,0,0,10,100
pygmee_555,1,6,3,0,10,60
achtergrond_554,0,10,0,0,10,100
inuit_553,0,7,3,0,10,70
zigeunermuziek_552,4,6,0,0,10,60
primitief_551,3,7,0,0,10,70
indo-europeaan_550,3,6,1,0,10,60
aziatisch_549,0,7,0,0,7,100
islamiet_548,4,2,1,0,7,57
traditionele_547,0,7,0,0,7,100
eskimo_546,5,2,0,0,7,71
inheems_545,4,3,0,0,7,57
achtergrond_544,0,7,0,0,7,100
afkomst_543,0,7,0,0,7,100
traditionele_542,0,6,0,1,7,86
traditionele_541,0,7,0,0,7,100
hottentot_540,5,1,1,0,7,71
inheems_539,0,7,0,0,7,100
gekleurd_538,0,7,0,0,7,100
indo-europeaan_535,3,4,0,0,7,57
zwartje_533,6,1,0,0,7,86
inlander_532,4,3,0,0,7,57
moslim_531,0,7,0,0,7,100
slaven_529,4,3,0,0,7,57
traditionele_528,0,7,0,0,7,100
inheems_527,0,5,0,2,7,71
historisch_526,0,7,0,0,7,100
bediende_525,0,7,0,0,7,100
mesties_524,3,1,3,0,7,43
handicap_523,0,6,0,1,7,86
indo-europeaan_522,3,4,0,0,7,57
neger_521,7,0,0,0,7,100
medicijnman_520,3,3,1,0,7,43
mengras_519,0,7,0,0,7,100
aapman_518,5,2,0,0,7,71
indiaan_517,3,3,1,0,7,43
zigeunermuziek_516,4,3,0,0,7,57
inuit_515,0,0,0,7,7,100
dwerggroei_514,2,4,0,1,7,57
historisch_513,0,7,0,0,7,100
inheems_512,0,6,1,0,7,86
historisch_511,0,7,0,0,7,100
kaukasisch_510,1,5,1,0,7,71
kaffer_509,5,0,2,0,7,71
marron_508,0,7,0,0,7,100
achtergrond_507,0,7,0,0,7,100
gemengd_506,0,7,0,0,7,100
mulat_505,7,0,0,0,7,100
gemengd_504,0,2,0,5,7,71
aziatisch_503,2,5,0,0,7,71
slavenschip_501,3,4,0,0,7,57
traditionele_500,0,6,1,0,7,86
historisch_498,0,8,0,0,8,100
metis_497,1,3,4,0,8,50
zigeuner_496,6,2,0,0,8,75
inheems_495,0,7,0,1,8,88
traditioneel_494,0,8,0,0,8,100
muzelman_493,0,3,5,0,8,62
exotisch_492,2,6,0,0,8,75
marron_491,1,0,5,2,8,62
inheems_490,1,7,0,0,8,88
onbeschaafd_489,1,7,0,0,8,88
marron_488,1,0,3,4,8,50
kwinti_487,0,2,2,4,8,50
berber_486,0,6,2,0,8,75
misvormden_485,3,5,0,0,8,62
zwartje_484,3,5,0,0,8,62
lesbisch_483,1,7,0,0,8,88
mesties_482,1,2,5,0,8,62
achtergrond_481,0,8,0,0,8,100
indo-europeaan_480,0,8,0,0,8,100
boesman_479,0,5,3,0,8,62
dwerg_478,5,3,0,0,8,62
roots_477,0,3,1,4,8,50
knecht_476,2,6,0,0,8,75
metis_475,0,1,5,2,8,62
achtergrond_474,0,8,0,0,8,100
dwerggroei_473,3,4,0,1,8,50
gemengd_472,0,8,0,0,8,100
marron_471,1,1,2,4,8,50
historisch_470,0,8,0,0,8,100
zigeuner_469,6,2,0,0,8,75
medicijnman_468,1,7,0,0,8,88
lilliputter_467,5,3,0,0,8,62
volbloed_466,2,5,1,0,8,62
moor_465,0,6,2,0,8,75
achtergrond_464,0,8,0,0,8,100
indo-europeaan_461,0,8,0,0,8,100
dwerggroei_460,3,3,0,2,8,38
inlander_458,3,5,0,0,8,62
tovenaar_457,0,3,0,5,8,62
bosneger_456,8,0,0,0,8,100
aziatisch_454,0,8,0,0,8,100
aziatisch_453,0,7,1,0,8,88
marron_452,1,1,6,0,8,75
slaaf_451,6,2,0,0,8,75
afkomst_450,1,7,0,0,8,88
lilliputter_449,5,2,1,0,8,62
inheems_448,3,4,0,1,8,50
marron_446,1,0,2,5,8,62
koppensneller_445,3,2,2,1,8,38
mongool_444,5,2,1,0,8,62
pygmee_443,3,3,2,0,8,38
dwerggroei_441,1,6,1,0,8,75
dwerggroei_438,2,4,2,0,8,50
pygmee_437,3,2,3,0,8,38
boesman_436,1,1,4,2,8,50
traditionele_435,0,8,0,0,8,100
inheems_433,2,4,1,1,8,50
mesties_432,2,0,6,0,8,75
pygmee_431,3,3,2,0,8,38
achtergrond_430,0,8,0,0,8,100
indo_429,1,5,2,0,8,62
barbaren_428,7,1,0,0,8,88
aziatisch_427,2,6,0,0,8,75
marron_426,1,1,6,0,8,75
gemengd_425,0,6,2,0,8,75
gemengd_424,0,8,0,0,8,100
moslim_423,3,3,2,0,8,38
boesman_422,4,0,4,0,8,50
queer_421,4,3,1,0,8,50
moslim_420,2,5,1,0,8,62
negerrijk_419,7,1,0,0,8,88
ras_418,3,0,1,4,8,50
aboriginal_417,4,3,1,0,8,50
indo-europeaan_416,4,3,1,0,8,50
mengras_415,7,0,1,0,8,88
slaaf_414,6,1,1,0,8,75
moslim_413,3,4,1,0,8,50
historisch_412,0,7,0,1,8,88
volbloed_411,5,2,0,1,8,62
wild_410,0,8,0,0,8,100
slaaf_409,6,2,0,0,8,75
westers_408,0,3,2,3,8,38
kaffer_407,5,0,3,0,8,62
gemengd_406,0,8,0,0,8,100
barbaren_405,5,2,1,0,8,62
bediende_404,0,8,0,0,8,100
barbaren_403,5,3,0,0,8,62
moslim_402,1,6,0,1,8,75
moslim_401,1,7,0,0,8,88
aziatisch_400,1,7,0,0,8,88
boesman_399,0,5,2,0,7,71
indo-europeaan_398,2,4,1,0,7,57
inboorling_396,4,3,0,0,7,57
achtergrond_395,0,7,0,0,7,100
indo-europeaan_394,2,4,1,0,7,57
koppensneller_393,2,4,1,0,7,57
achtergrond_392,1,6,0,0,7,86
queer_391,2,5,0,0,7,71
kaukasisch_390,0,7,0,0,7,100
historisch_388,0,7,0,0,7,100
dwerggroei_387,1,6,0,0,7,86
exotisch_386,0,3,0,4,7,57
homo_385,2,3,1,1,7,43
inheems_384,2,4,1,0,7,57
koppensneller_383,3,3,1,0,7,43
indo-europeaan_382,2,4,1,0,7,57
traditionele_381,0,7,0,0,7,100
inheems_380,0,7,0,0,7,100
primitief_379,0,5,1,1,7,71
traditionele_378,0,7,0,0,7,100
lilliputter_377,3,3,1,0,7,43
dwerg_376,6,1,0,0,7,86
moslim_375,0,7,0,0,7,100
historisch_374,0,7,0,0,7,100
aziatisch_373,0,7,0,0,7,100
barbaar_372,1,6,0,0,7,86
gemengd_371,0,7,0,0,7,100
inlander_370,4,3,0,0,7,57
page_369,0,6,1,0,7,86
onbeschaafd_368,1,5,1,0,7,71
wild_367,0,7,0,0,7,100
gekleurd_366,2,3,1,1,7,43
blank_365,3,2,1,1,7,43
negercultuur_364,7,0,0,0,7,100
mulat_363,3,0,1,3,7,43
traditionele_362,0,7,0,0,7,100
bediende_361,1,6,0,0,7,86
historisch_360,0,7,0,0,7,100
blank_357,5,2,0,0,7,71
inlandsche_356,2,4,1,0,7,57
gemengd_355,1,6,0,0,7,86
inboorling_353,4,3,0,0,7,57
aziatisch_352,0,7,0,0,7,100
traditionele_351,0,7,0,0,7,100
stam_350,0,7,0,0,7,100
inheems_348,1,8,1,0,10,80
marron_346,2,3,0,5,10,50
barbaar_345,1,9,0,0,10,90
indo-europeaan_344,1,8,1,0,10,80
inheems_343,0,10,0,0,10,100
kwinti_342,0,1,2,7,10,70
metis_341,1,3,3,3,10,30
onbeschaafd_340,0,10,0,0,10,100
indo-europeaan_339,0,6,1,3,10,60
mengras_338,3,4,1,2,10,40
slavenschip_337,5,4,1,0,10,50
exotisch_336,3,7,0,0,10,70
achtergrond_335,0,10,0,0,10,100
marron_334,2,6,2,0,10,60
dwerggroei_333,1,8,0,1,10,80
lesbisch_332,1,9,0,0,10,90
marron_331,2,6,1,1,10,60
inuit_330,0,9,1,0,10,90
dwerggroei_329,1,9,0,0,10,90
hottentot_328,3,5,2,0,10,50
kokkie_327,1,8,1,0,10,80
historisch_326,1,9,0,0,10,90
page_325,0,6,3,1,10,60
traditioneel_324,0,2,0,8,10,80
baboe_323,0,1,0,9,10,90
aziatisch_322,1,9,0,0,10,90
ras_321,6,4,0,0,10,60
handicap_320,1,9,0,0,10,90
achtergrond_319,1,8,1,0,10,80
knecht_318,4,4,1,1,10,40
aziatisch_317,0,10,0,0,10,100
marron_316,2,5,1,2,10,50
negerslaven_315,6,4,0,0,10,60
indo_314,0,1,0,9,10,90
dwerg_313,5,2,0,3,10,50
barbaren_310,3,7,0,0,10,70
zwartje_309,10,0,0,0,10,100
inheems_308,2,6,1,1,10,60
mulat_306,3,1,3,3,10,30
historisch_305,0,5,0,5,10,50
medicijnman_304,2,7,0,1,10,70
achtergrond_303,1,6,1,2,10,60
pygmee_302,2,7,1,0,10,70
stam_301,1,9,0,0,10,90
traditionele_300,0,10,0,0,10,100
kwinti_299,0,0,3,5,8,62
eskimo_298,4,3,1,0,8,50
traditionele_297,0,8,0,0,8,100
indisch_296,0,5,0,3,8,62
marron_295,0,3,5,0,8,62
inheems_294,1,3,0,4,8,50
mongool_293,5,2,1,0,8,62
aziatisch_292,1,6,0,1,8,75
gemengd_291,0,8,0,0,8,100
gemengd_290,0,7,1,0,8,88
moslim_289,2,4,1,1,8,50
dwerggroei_287,1,7,0,0,8,88
negerslaven_286,7,1,0,0,8,88
kaffer_285,4,2,2,0,8,50
moslim_284,2,6,0,0,8,75
ontdekken_283,0,8,0,0,8,100
handicap_282,3,4,1,0,8,50
indiaan_281,1,5,1,1,8,62
kaffer_280,4,2,2,0,8,50
moslim_279,2,6,0,0,8,75
dwerggroei_277,0,7,1,0,8,88
baboe_275,0,3,5,0,8,62
gemengd_274,1,7,0,0,8,88
historisch_273,0,8,0,0,8,100
marron_272,0,3,4,1,8,50
barbaren_271,0,8,0,0,8,100
kokkie_270,1,4,3,0,8,50
neger_269,8,0,0,0,8,100
indisch_268,0,6,0,2,8,75
onbeschaafd_267,0,6,0,2,8,75
bediende_266,1,5,2,0,8,62
gemengd_265,0,7,1,0,8,88
medicijnman_264,1,7,0,0,8,88
indiaan_263,4,4,0,0,8,50
indo_262,1,4,3,0,8,50
aziatisch_261,0,8,0,0,8,100
moslim_260,1,7,0,0,8,88
roots_259,0,0,0,8,8,100
marron_257,0,1,3,4,8,50
moslim_256,1,6,1,0,8,75
tovenaar_254,1,5,0,2,8,62
allochtoon_253,2,3,1,2,8,38
dwerg_252,1,6,1,0,8,75
slaven_251,2,6,0,0,8,75
achtergrond_250,0,8,0,0,8,100
hottentot_249,3,2,3,0,8,38
traditionele_248,1,6,1,0,8,75
afkomst_247,1,7,0,0,8,88
stam_246,1,7,0,0,8,88
historisch_245,0,8,0,0,8,100
gekleurd_244,5,3,0,0,8,62
indo-europeaan_243,3,5,0,0,8,62
indo-europeaan_242,3,5,0,0,8,62
gemengd_241,0,8,0,0,8,100
aboriginal_240,3,4,1,0,8,50
halfbloed_239,4,4,0,0,8,50
inlandsche_238,5,3,0,0,8,62
zigeuner_237,4,3,1,0,8,50
inheems_236,2,5,1,0,8,62
ras_235,6,1,1,0,8,75
marron_234,0,3,4,1,8,50
zigeunermuziek_233,3,4,1,0,8,50
traditionele_231,1,6,1,0,8,75
aziatisch_230,2,5,1,0,8,62
mongool_228,3,5,0,0,8,62
historisch_227,0,8,0,0,8,100
queer_226,1,2,0,5,8,62
homo_225,0,8,0,0,8,100
neger_224,8,0,0,0,8,100
hottentot_223,2,2,4,0,8,50
inlandsche_222,4,2,2,0,8,50
gemengd_221,0,6,1,1,8,75
aziatisch_220,1,7,0,0,8,88
achtergrond_219,0,8,0,0,8,100
traditionele_218,1,4,0,3,8,50
achtergrond_217,0,8,0,0,8,100
traditionele_216,0,8,0,0,8,100
moslim_215,1,7,0,0,8,88
aapman_214,7,0,1,0,8,88
moor_213,0,8,0,0,8,100
bediende_212,0,8,0,0,8,100
tovenaar_211,1,5,1,1,8,62
indo-europeaan_210,2,5,1,0,8,62
koelie_208,1,2,2,3,8,38
inheems_206,2,5,1,0,8,62
historisch_205,0,8,0,0,8,100
ontdekken_204,0,8,0,0,8,100
neger_203,8,0,0,0,8,100
dwerggroei_202,1,7,0,0,8,88
inlander_201,7,1,0,0,8,88
marron_199,0,3,3,2,8,38
negerrijk_198,7,1,0,0,8,88
inheems_197,1,7,0,0,8,88
marron_196,0,5,3,0,8,62
achtergrond_195,0,7,1,0,8,88
islamiet_194,1,7,0,0,8,88
page_193,0,7,1,0,8,88
achtergrond_192,1,7,0,0,8,88
marron_190,0,4,4,0,8,50
moor_189,0,8,0,0,8,100
indo-europeaan_188,1,7,0,0,8,88
koelie_187,2,1,3,2,8,38
lesbisch_186,0,6,2,0,8,75
gekleurd_185,1,6,1,0,8,75
aziatisch_184,0,8,0,0,8,100
aziatisch_183,0,8,0,0,8,100
marron_182,1,0,2,5,8,62
historisch_181,0,5,1,2,8,62
metis_180,1,1,6,0,8,75
dwerggroei_179,2,6,0,0,8,75
inheems_178,1,7,0,0,8,88
indo_177,3,5,0,0,8,62
inheems_176,1,6,1,0,8,75
traditionele_175,0,8,0,0,8,100
mengras_174,1,2,5,0,8,62
aboriginal_173,1,7,0,0,8,88
historisch_172,1,7,0,0,8,88
indo-europeaan_171,0,8,0,0,8,100
primitief_170,0,8,0,0,8,100
mesties_169,2,1,5,0,8,62
koelie_167,4,1,3,0,8,50
tovenaar_166,0,8,0,0,8,100
dwerggroei_165,1,6,0,1,8,75
inheems_164,0,8,0,0,8,100
eskimo_163,3,5,0,0,8,62
wild_162,1,7,0,0,8,88
misvormden_161,1,7,0,0,8,88
traditioneel_160,0,8,0,0,8,100
blank_159,0,5,0,3,8,62
indo-europeaan_158,2,6,0,0,8,75
inheems_157,1,7,0,0,8,88
barbaar_156,2,6,0,0,8,75
koelie_155,3,1,4,0,8,50
barbaar_154,0,8,0,0,8,100
queer_150,1,7,0,0,8,88
zigeuner_149,3,3,1,1,8,38
dwerggroei_148,1,7,0,0,8,88
volbloed_147,0,7,1,0,8,88
gemengd_146,1,6,1,0,8,75
zwartje_145,6,1,1,0,8,75
negerslaven_144,7,1,0,0,8,88
kwinti_143,0,2,5,1,8,62
page_142,1,6,1,0,8,75
marron_141,1,2,4,1,8,50
inlander_139,0,6,1,1,8,75
kwinti_138,0,0,5,3,8,62
lilliputter_137,2,3,2,1,8,38
volbloed_136,0,7,0,1,8,88
indiaan_135,3,5,0,0,8,62
mongool_134,3,3,1,1,8,38
misvormden_133,1,6,1,0,8,75
mulat_132,5,0,3,0,8,62
dwerggroei_131,2,6,0,0,8,75
exotisch_130,1,7,0,0,8,88
achtergrond_128,0,6,1,1,8,75
marron_127,0,2,3,3,8,38
traditionele_125,1,6,1,0,8,75
negerslaven_124,6,1,0,1,8,75
aziatisch_123,2,6,0,0,8,75
aziatisch_122,2,6,0,0,8,75
aboriginal_121,1,5,2,0,8,62
gemengd_120,1,7,0,0,8,88
muzelman_119,2,3,3,0,8,38
moslim_118,1,7,0,0,8,88
page_117,0,2,5,1,8,62
historisch_116,1,7,0,0,8,88
moor_115,0,3,4,1,8,50
indisch_113,1,6,1,0,8,75
indo_112,2,6,0,0,8,75
moslim_111,3,5,0,0,8,62
westers_110,1,7,0,0,8,88
gemengd_109,1,5,1,1,8,62
mohemmedaan_108,2,6,0,0,8,75
achtergrond_107,1,7,0,0,8,88
dwerg_106,6,2,0,0,8,75
negercultuur_105,7,1,0,0,8,88
moslim_104,2,6,0,0,8,75
gemengd_103,1,5,1,1,8,62
etniciteit_102,0,5,0,3,8,62
moslim_101,2,6,0,0,8,75
homo_99,3,3,1,0,7,43
achtergrond_97,1,6,0,0,7,86
knecht_96,2,5,0,0,7,71
traditionele_95,1,6,0,0,7,86
aziatisch_94,2,5,0,0,7,71
inheems_93,0,5,1,1,7,71
traditionele_92,1,6,0,0,7,86
volbloed_90,2,5,0,0,7,71
mongool_89,2,5,0,0,7,71
achtergrond_88,0,7,0,0,7,100
indo-europeaan_87,3,4,0,0,7,57
inlandsche_86,2,4,1,0,7,57
baboe_85,3,1,3,0,7,43
muzelman_84,4,1,2,0,7,57
islamiet_83,5,2,0,0,7,71
etniciteit_82,0,4,0,3,7,57
handicap_81,3,2,2,0,7,43
kokkie_80,0,5,2,0,7,71
indo-europeaan_79,3,4,0,0,7,57
koppensneller_78,2,3,2,0,7,43
inheems_77,1,2,0,4,7,57
bosneger_76,6,0,1,0,7,86
afkomst_75,1,6,0,0,7,86
bosneger_74,6,1,0,0,7,86
lesbisch_72,1,6,0,0,7,86
dwerggroei_71,3,3,1,0,7,43
historisch_70,1,6,0,0,7,86
neger_69,7,0,0,0,7,100
aziatisch_68,2,5,0,0,7,71
knecht_66,2,4,1,0,7,57
gemengd_64,1,6,0,0,7,86
westers_63,0,4,0,3,7,57
traditionele_62,3,3,1,0,7,43
inheems_61,1,4,1,1,7,57
onbeschaafd_60,4,2,0,1,7,57
westers_59,0,3,0,4,7,57
medicijnman_58,1,4,2,0,7,57
traditionele_57,0,5,2,0,7,71
indo-europeaan_56,3,4,0,0,7,57
inlandsche_55,2,2,1,2,7,29
zigeuner_54,4,2,0,1,7,57
queer_53,1,0,0,6,7,86
barbarlje_52,2,1,2,2,7,29
moslim_51,4,3,0,0,7,57
historisch_50,0,3,0,4,7,57
gemengd_49,0,1,1,5,7,71
indo-europeaan_48,2,3,2,0,7,43
traditionele_47,1,6,0,0,7,86
achtergrond_46,0,6,1,0,7,86
marron_45,0,3,3,1,7,43
marron_44,0,0,4,3,7,57
barbaar_43,0,6,0,1,7,86
marron_42,1,0,3,3,7,43
blank_41,0,6,1,0,7,86
moslim_40,1,5,1,0,7,71
afgod_39,1,6,0,0,7,86
eskimo_38,4,2,1,0,7,57
homo_37,1,5,1,0,7,71
inheems_36,1,6,0,0,7,86
blank_35,1,6,0,0,7,86
eskimo_34,4,2,1,0,7,57
slaaf_33,3,4,0,0,7,57
ontdekken_31,1,6,0,0,7,86
stam_30,2,3,1,1,7,43
indisch_29,1,6,0,0,7,86
historisch_28,1,5,1,0,7,71
hottentot_27,3,1,3,0,7,43
baboe_26,2,2,3,0,7,43
marron_24,0,7,0,0,7,100
exotisch_23,1,6,0,0,7,86
halfbloed_22,0,7,0,0,7,100
indo-europeaan_21,2,2,3,0,7,43
zigeunermuziek_19,3,3,1,0,7,43
lesbisch_18,1,6,0,0,7,86
inheems_17,1,6,0,0,7,86
zwartje_16,3,1,3,0,7,43
aziatisch_15,0,6,1,0,7,86
slaaf_14,2,5,0,0,7,71
tovenaar_13,1,6,0,0,7,86
halfbloed_12,1,5,0,1,7,71
mulat_11,3,1,3,0,7,43
roots_10,1,6,0,0,7,86
dwerggroei_9,2,5,0,0,7,71
wild_6,0,6,1,0,7,86
historisch_5,1,6,0,0,7,86
berber_4,0,7,0,0,7,100
inheems_3,0,5,1,1,7,71
slaven_2,6,1,0,0,7,86
achtergrond_1,1,3,0,3,7,43
aziatisch_0,0,5,1,1,7,71
